楼,12009
U6,7242
车,7046
纳智捷,5862
优6,3875
上市,3749
感觉,3212
板凳,3086
链接,3008
省,2869
沙发,2856
时候,2805
油性,2739
人,2618
楼主,2512
油耗,2391
主楼,2227
车身,2030
纳,1939
本田,1911
问题,1899
命名,1845
个头,1835
价格,1798
论坛,1642
有点,1586
脚,1552
台湾,1401
车主,1381
汽车,1329
新车,1326
时尚,1268
销量,1223
方面,1141
新款,1136
大陆,1127
大家,1123
消费者,1098
字,1041
产品,1039
科技,1039
处女,1027
官方,1005
大气,1000
代表,977
排气管,961
产生,956
太小,951
全面,951
概念,943
新,940
特色,938
优,937
美观,935
传统,933
抽奖,932
后门,930
双方,928
车长,928
领先,925
潮流,923
形象,918
寓意,917
影片,916
脚印,915
双人,915
廣告,915
给我发,915
產品,915
電視,914
軸距,914
势力,914
谐音,914
优品,914
形,914
页面,914
竖,913
胶带,913
优胜者,913
车子,904
朋友,857
钱,854
时,840
谢谢,831
生活馆,828
买车,753
钥匙,711
发动机,703
车友,696
战斗机,690
东西,657
厂家,644
动力,612
团队,610
地板,598
人气,586
剑,584
大汉,577
疯子,577
外观,576
帖子,555
情况,549
车型,488
品牌,487
空间,480
老婆,473
4S店,469
媳妇,467
时间,466
油,458
妹子,439
作业,433
信息,417
白色,415
订车,414
地方,406
性感,403
声音,395
版,386
方向盘,384
档,374
店,373
个人,372
功能,369
建议,359
胸毛,357
同道中人,348
质量,348
性子,344
市区,339
图,337
路,330
兄弟,329
骗子,328
轮胎,326
照片,315
效果,313
事,311
雾灯,309
车辆,304
保险,304
魅力,299
图片,299
基本,297
内饰,293
刹车,289
人家,287
美女,284
企业,279
油门,276
速度,273
技术,270
手机,269
实际,263
座椅,262
系统,262
儿子,261
换,260
原因,259
群,257
小,256
性价比,255
行车,252
阳光,252
版主,248
电话,247
灯,246
结果,241
颜色,241
东风,241
手刹,238
中国,234
車,231
交流,228
省油,224
空调,215
贷款,214
力,213
哈,210
话,210
底盘,209
异响,206
视频,206
轿车,205
布萊恩,203
月份,202
涡轮,202
落地,200
电子,199
个油,197
纳厂,196
款,195
安全带,195
大灯,195
隔音,194
摄像头,193
问,192
踏板,192
车窗,192
车托,191
行灯,189
变速箱,187
州,185
毛,183
车友会,181
关系,181
后备箱,181
习惯,180
事情,180
裕隆,175
长安,174
4s店,173
日本,173
天,173
大,173
玻璃,172
大神,171
内,170
黑色,170
回家,169
性能,169
后视镜,168
宝马,166
意思,165
爱车,164
宝,163
用车,162
全国,162
哥,160
坑,159
节油,158
车门,158
城市,156
手动,155
时速,155
梁,155
红色,154
智尊,154
卡,154
毛病,151
天窗,150
门,146
明白,146
精华,146
理由,145
售后,145
私信,145
办法,144
贴膜,143
雨,143
市场,143
光,143
国产,142
配件,142
高科技,141
原车,141
数据,141
联系,140
定金,140
悬架,140
全部,139
旗舰,139
缺点,139
檀,139
北京,138
路况,137
机油,137
奇瑞,137
淘宝,137
记录仪,136
深圳,136
购车,135
利息,135
大众,135
线,135
名字,135
车速,135
口碑,134
关键,133
全景,133
广告,133
店里,132
扭力,132
檀色,129
星光,128
问问,128
外形,127
模式,126
车模,126
排量,126
牛,125
价位,124
车友们,124
速,123
牌子,123
专业,123
音乐,122
虎,122
长城,122
角度,121
方法,121
价,121
脚垫,121
装饰,120
经验,119
发帖,119
蓝牙,119
手,117
哥们,117
温度,117
信,116
上海,116
款车,115
标题,114
成都,113
货,113
银行,113
无法,112
厚道,112
爹,112
霸气,112
喇叭,111
水,111
很漂亮,109
車主,109
垃圾,108
电动,107
订单,107
道路,106
新手,106
屏幕,106
小时,106
证明,105
比亚迪,105
公司,105
事故,103
水平,103
男人,103
现车,102
一键,102
地址,102
出风口,102
全款,101
老款,101
我会,101
档位,101
眼睛,100
牌,100
广州,100
区别,100
报警,100
小心,99
智,99
状态,99
说明书,99
立德,98
颜值,98
驾车,98
小六,98
体验,98
故障,97
样子,97
老,97
凯,97
连,96
方向,95
杭州,95
脸,95
维权,95
消息,94
合肥,94
师傅,94
客户,94
磨合期,94
意见,94
途观,93
蓝色,93
女人,93
伤情,93
优点,93
道理,93
电脑,92
老板,92
子,92
坐垫,92
过程,92
踩油门,91
意义,91
歌名,91
音响,91
车载,90
U盘,90
内容,90
风景,89
孩子,89
同事,88
尼玛,88
心情,87
版本,87
现场,87
全系,87
大哥,87
段时间,86
重庆,85
护板,85
干嘛,85
哈尔滨,85
耗油,85
部分,85
事实,84
降价,84
心,84
风,84
按键,84
原厂,84
里程,84
东莞,84
车灯,84
屁股,83
翼,83
小毛病,83
优势,83
国产车,83
压力,82
世界,82
机会,82
条件,82
桀,82
精彩,82
膜,82
价钱,81
司机,81
天气,80
么,80
码,80
人员,80
基本上,80
前提,80
雷达,79
格,79
真皮,79
金,79
油料,79
尾门,78
油价,78
条,78
灯光,78
槽,77
档次,77
主,77
级别,77
方式,76
能力,76
数字,76
总结,76
洗车,76
钢梁,76
怪兽,76
标志,76
阿布,75
奥凸曼,75
国家,75
火,75
张,74
猴,74
题,74
政策,74
发条,74
路面,74
小孩,73
评价,73
噪音,73
納,72
功率,72
人生,72
腿,72
後,72
帅气,72
上,71
納智捷,71
美,71
一辆车,71
爸,71
全车,71
距离,70
车车,70
精华帖,70
轮毂,70
日子,70
实车,70
因素,70
评论,69
油卡,69
费用,69
选车,69
梦,69
客服,69
台灣,69
潜水,68
燃油,68
汇,68
运气,68
大洋,68
豪车,68
顶顶顶,68
黑车,68
安全性,68
成本,68
雪铁龙,67
仪表盘,67
学,67
长沙,67
神车,67
乞丐,67
马力,67
车牌,67
日报,67
上坡,66
手续费,66
橙色,66
論壇,66
贡献,66
群号,65
屏,65
力度,65
問題,65
主帖,65
平台,65
狗,65
车价,64
按钮,64
个人感觉,64
马勒,64
彼得斯,64
装,64
胎压,64
经历,64
上车,64
大片,63
计划,63
成,63
老公,63
现金,63
福克斯,63
台车,63
块钱,63
节约,63
木,63
客观,63
重点,62
行程,62
节奏,62
群友,62
目的,62
屌丝,62
丰田,62
靓仔,62
小车,62
订金,61
立马,61
经济,61
同感,61
个性,61
精彩内容,61
二手车,61
艺,61
山路,61
造型,61
起码,61
脑袋,60
卡扣,60
值,60
黑,60
透镜,60
细节,59
经销商,59
政府,59
厦门,59
回帖,59
气,59
保险杠,59
电动车,59
一体,58
购置税,58
标准,58
艺术,58
文章,58
普通,58
小弟,57
味道,57
地图,57
話,57
消耗,57
顾问,57
热情,56
吉利,56
郑州,56
车标,56
人民,56
礼品,56
模块,56
兴趣,56
好事,55
定速巡航,55
理性,55
态度,55
整车,55
高清,55
网站,55
水野,55
视野,55
台,55
中控台,55
多谢,54
汽油,54
恩,54
数,54
发票,54
指点,54
四川,53
参数,53
福州,53
照,53
工作人员,53
高度,53
群里,53
报,53
海马,53
记录,52
键,52
南京,52
动手,52
厂商,52
天猫,52
全家,52
妈,52
证据,52
高端,52
家人,52
骂人,52
百度,52
歌,52
越野,52
上路,52
整体,51
舒适性,51
响声,51
亮点,51
空气,51
定位,51
总体,51
歌词,51
眼光,51
马,51
单位,51
坛子,50
车头,50
素质,50
河南,50
塑料,50
土豪,50
保值,50
车厂,49
车行,49
全,49
范围,49
岸本,49
心态,49
唱片,49
合格证,49
商家,49
年轻人,48
首歌,48
眼,48
锁车,48
实力,48
新闻,48
广东,48
民族,48
调教,48
地盘,48
地区,47
差点,47
三菱,47
黑丝,47
灯泡,47
动感,47
利用,47
西安,47
前轮,47
车顶,47
商量,47
项目,47
离合器,47
文,47
老乡,46
鱼,46
用户,46
叔叔,46
用心,46
环境,46
湖南,46
责任,46
庐山,46
额,46
系车,45
油表,45
板车,45
牌照,45
夫妻,45
基础,45
动作,45
武汉,45
群主,45
心声,45
窗器,44
仪表,44
报价,44
调校,44
对方,44
废话,44
量,44
省政府,44
宝贝,44
文字,43
专用,43
聚会,43
磚,43
叶,43
处,43
出厂,43
围观,43
家用,43
文件夹,43
传说,43
单,43
回头率,43
声,43
车轮,42
红灯,42
玩意,42
街,42
差距,42
爽,42
音箱,42
奥迪,42
挡泥板,42
土豆,42
后座,42
突击队,42
館,42
海南,42
规定,42
头,42
内地,42
员工,42
大件,41
经典,41
蛋,41
太贵,41
歌曲,41
镇楼,41
杠杠,41
福特,41
面子,41
工业,41
银子,40
交,40
越野车,40
尾箱,40
贴子,40
指数,40
原,40
贷,40
同价位,40
马路,40
梦想,40
信心,40
顶顶,40
关心,40
鸡,40
普利司通,39
高点,39
江铃,39
视线,39
交车,39
嘴,39
理想,39
品质,39
标致,39
售价,39
手动挡,39
印象,39
星,39
尺寸,39
娘家,39
身材,39
花钱,39
双,39
金色,39
路程,39
画面,39
轴距,39
心动,39
头枕,39
家庭,39
费油,39
保养费,38
油箱,38
漫长,38
风格,38
酱油,38
高手,38
令人,38
色,38
助力,38
南昌,38
店铺,38
闲钱,38
断电,38
坛友,38
螺丝,38
心理,38
房子,38
集团,38
尾灯,38
想象,38
韩国,38
林海,38
下单,37
唱歌,37
面,37
新疆,37
软件,37
界面,37
题外话,37
网友,37
套房,37
县城,37
线条,37
备胎,37
宝宝,37
宜宾,37
办理,37
纯属,37
座垫,37
精神,37
眼球,37
扭矩,37
华晨,37
领导,36
烟台,36
自带,36
老爸,36
电瓶,36
左转,36
马自达,36
小白鼠,36
凯美瑞,36
自行车,36
网,36
海拉,36
皮,36
乘客,36
解决问题,36
氛围,36
帅哥,36
用料,36
老虎,35
区,35
型号,35
夏利,35
芜湖,35
点烟器,35
电,35
跑车,35
升降器,35
任性,35
云南,35
中华,35
比车,35
都省,35
菜鸟,35
加油站,35
盲区,35
大人,35
绿色,35
小六子,35
下坡,35
专家,35
同学,35
美丽,35
迎宾,35
后轮,34
辅助线,34
力量,34
中央,34
中肯,34
布,34
舒适度,34
情绪,34
原装,34
厂方,34
山寨,34
人民币,34
社会,34
新创,34
雪地,34
性,34
好人,34
温州,34
全包,34
全程,34
注意安全,33
红绿灯,33
国人,33
失灵,33
哥哥,33
皮带,33
小白,33
神,33
资料,33
模型,33
不平,33
东东,33
汽车行业,33
西宁,33
间隙,33
币,33
现象,33
解放军,33
小朋友,33
形式,33
结实,32
智能,32
黑灰,32
体会,32
神器,32
音质,32
指导,32
理论,32
差价,32
脑,32
区间,32
托,32
系,32
妹妹,32
精,32
轮子,32
我行我素,32
证,32
車廠,32
作,32
器,32
媒体,32
柱,32
枪,32
学会,32
太,32
个人观点,31
差,31
主题,31
阿,31
门槛,31
风神,31
内置,31
美国,31
历史,31
不值,31
比,31
众,31
全球,31
爱,31
阶段,31
静音,31
苏州,31
现实,30
公路,30
经理,30
显示屏,30
父母,30
中网,30
定车,30
户口本,30
车道,30
抗议,30
货车,30
驴,30
小区,30
保险公司,30
金属,30
精品,30
升油,30
恶魔,30
内涵,30
风云,30
电池,30
太阳,30
羽毛,30
关门,30
文件,30
天空,30
程度,30
身份,30
月饼,30
真,30
连杆,30
舰旗,30
看吧,30
礼拜,30
专门,30
佳通,30
驾驶员,30
跨界,29
液压,29
時,29
南充,29
白,29
沈阳,29
材料,29
进口车,29
芯片,29
赵小莫,29
定价,29
渠道,29
结构,29
夜视,29
氙气,29
氙气灯,29
人才,29
同志,29
哈弗,29
车款,29
萧山,29
外,29
行,29
头像,29
帕萨特,29
骗人,29
曹平,29
伤心,29
大伙,29
智尊型,28
客气,28
储物,28
常州,28
外表,28
路段,28
升降机,28
襄阳,28
車友,28
恩恩,28
迈克尔,28
播放器,28
恶心,28
射精,28
合资企业,28
气囊,28
兰州,28
城,28
琥珀,28
目标,28
苹果,28
地,28
小东西,28
丝袜,28
男,28
信号,28
好歹,28
范特西,28
浪费,28
文化,28
女儿,28
安静,28
低温,28
券,28
减速带,28
时会,28
观点,28
亲民,28
大鹏,28
台湾人,28
众车,27
误导,27
熊峻鑫,27
天使,27
结尾,27
收费,27
部门,27
小子,27
税,27
生气,27
大侠,27
买辆,27
对面,27
水温,27
典型,27
财神爷,27
重量,27
锐志,27
胎,27
板,27
神马,27
全责,27
肉,27
耐脏,27
智尊白,27
加群,27
集体,27
儿,27
离谱,27
端口,27
有所,27
脑子,27
妹纸,26
婺源,26
挡风玻璃,26
军,26
热风,26
爱国,26
姐,26
碟片,26
变速器,26
倾情,26
东南,26
名,26
语,26
合格,26
大大的,26
资金,26
智慧,26
松油,26
经,26
民,26
妙车,26
大庆,26
江西,26
状况,26
同喜,26
村庄,26
保有量,26
蓝,26
指教,26
原则,26
喷泉,26
奇缘,26
睁大眼睛,26
网络,26
灵敏,26
镀铬,26
投影,25
冠军,25
出去玩,25
手感,25
油费,25
商业,25
面包车,25
展厅,25
斑竹,25
轴,25
渣,25
销售员,25
跑步,25
水箱,25
祝贺,25
后备,25
神经,25
期,25
海鲜,25
车大,25
警报,25
妹,25
飞鸟,25
格式,25
方案,25
检查一下,25
划痕,25
差异,25
车祸,25
线路,25
情,25
卖家,25
明琴昀,25
原地,25
好友,25
车尾,25
中意,25
价值,25
理,25
转向灯,25
日程,25
护栏,25
毛钱,24
滤芯,24
小驴子,24
扬州,24
福利,24
黑子,24
雲霧,24
用力,24
速腾,24
菲翔,24
漆,24
女生,24
报告,24
蕊,24
人们,24
起亚,24
大家庭,24
小毛驴,24
區,24
卡卡,24
衣服,24
地道,24
冷车,24
福建,24
空耗,24
丝裤,24
青岛,24
电流,24
电影,24
空军,24
引擎,24
女朋友,23
五毛,23
镜,23
通病,23
总,23
老子,23
时应,23
礼包,23
全都,23
广汽,23
比例,23
琴,23
合影,23
安卓,23
坡度,23
悲剧,23
火气,23
大宝,23
过客,23
订,23
小伙伴,23
金融,23
小姐,23
德国,23
管理层,23
缘,23
全黑,23
插头,23
高尔夫,23
机械,23
缘分,23
多长时间,23
答案,23
酒店,23
过段时间,23
祝福,23
交钱,23
乘用车,23
行车证,23
国道,23
电线杆,23
防爆膜,23
造车,23
传感器,23
延安,23
柳州,23
部位,23
纳米,23
缝隙,23
海洋,23
驾校,23
樓主,22
记,22
老客户,22
文采,22
屎,22
服务态度,22
音像店,22
长春,22
同款,22
解决方案,22
质感,22
事儿,22
罗罗特,22
老师,22
运动版,22
数量,22
猫,22
奖品,22
前置,22
物品,22
政治,22
鸳鸯,22
爸爸,22
劳斯莱斯,22
恋雨,22
明智,22
损失,22
性福,22
蓝梦,22
拉杆,22
旗下,22
产量,22
编辑,22
部,22
乌龟,22
目录,22
外地,21
点点,21
哥们儿,21
电瓶车,21
車子,21
书,21
花,21
猫咪,21
三清山,21
车队,21
中奖,21
组团,21
避震,21
死机,21
刹车片,21
要买车,21
媳妇儿,21
风扇,21
全险,21
驾驶室,21
灰尘,21
原本,21
劲,21
内部空间,21
景点,21
主人,21
国军,21
门把手,21
表,21
背景,21
像素,21
随风,21
錢,21
脚刹,21
飞行团,21
下雨天,21
聊天,21
侵日华,21
亮灯,21
疝气,21
做广告,21
饭,21
广西,21
功夫,21
市,21
汽车城,21
老鼠,21
笑话,21
店家,21
逍客,21
部件,21
粉,21
刹车盘,21
队伍,21
飞,21
老气,21
台湾版,21
摄影,21
尾部,21
泉州,21
时机,21
柴油,21
前段时间,21
建議,20
国际,20
系数,20
小号,20
炸弹,20
特点,20
装备,20
记忆,20
市场经济,20
噪,20
新人,20
驻车,20
两条路,20
驾龄,20
窗玻璃,20
精准,20
娘,20
激情,20
材质,20
拖拉机,20
纸,20
何以堪,20
一分钱,20
蓬莱,20
路线,20
植物油,20
身体,20
咖啡,20
山西,20
泡沫,20
指,20
水军,20
车漆,20
言论,20
错误,20
车库,20
全保,20
於,20
理解能力,20
鞭策,20
油钱,20
党,20
权威,20
银色,20
加州,20
显示器,20
车架,20
会,20
惠州,20
手段,20
关键因素,20
时代,20
美食,20
信用卡,20
拜托,20
别克,20
大屏,20
亮度,20
车系,20
世嘉,19
李,19
飞机,19
二楼,19
瑕疵,19
高,19
睿,19
碧海,19
大师,19
空間,19
痕迹,19
魔术,19
发布会,19
规划,19
帖,19
瑞虎,19
气温,19
拖车,19
试车,19
小熊,19
大学,19
表面,19
风阻,19
操控性,19
坏脾气,19
花费,19
爸妈,19
屁,19
前,19
秒杀,19
茶,19
光是,19
总算,19
大赞,19
小鸟,19
太漂亮,19
蜡,19
太重,19
边缘,19
名称,19
亲们,19
本帖,19
硬件,19
燃料,19
卖点,19
雪佛兰,19
诗,19
雾,19
行人,19
黄金,19
车会,19
模,19
畜生,19
行使,19
语言,19
变形,19
引擎盖,19
老家,19
外观设计,19
曝光,19
地面,19
狂风,19
廈門,19
停车场,19
负荷,19
龙葵,19
牙,19
回老家,19
车用,19
沙,19
铁,19
福田,19
领域,19
电子设备,18
猪,18
不系,18
日系,18
交易,18
人性化,18
小孩子,18
高速行驶,18
山,18
鬼,18
新丝路,18
蚌埠,18
竞争对手,18
镜头,18
使用寿命,18
旅,18
豹纹,18
行李架,18
大量,18
做人,18
轿,18
兒,18
信任,18
幽游,18
非洲,18
白痴,18
瑞丰,18
电子狗,18
利益,18
关税,18
症,18
味,18
骑士,18
飞度,18
酒,18
昆明,18
南城,18
交税,18
样车,18
時間,18
车重,18
鸡肋,18
王,18
泪,18
窗,18
習慣,18
鲨鱼,18
时光,18
都行,18
锐,18
智者,18
坡道,18
厂,18
交通,18
笑傲江湖,18
伊兰特,18
密封,18
技师,18
排队,18
雅阁,18
路虎,18
赠品,18
阿土,18
行驶证,17
寿命,17
排气,17
类型,17
优币,17
城区,17
买房,17
车膜,17
齐全,17
小老头,17
万能,17
断轴,17
代步,17
程序,17
旧车,17
疯狗,17
同胞,17
阿特,17
原谅,17
先,17
哈佛,17
帅,17
草原,17
公平,17
原创,17
客,17
顶楼,17
汽車,17
清风,17
蜗牛,17
事件,17
勇气,17
申精,17
传奇,17
项,17
贵,17
知名度,17
利润,17
女孩,17
汉子,17
先生,17
代价,17
漏油,17
微,17
眼镜,17
桂林,17
智商,17
倾角,17
何苑,17
黑心,17
网址,17
里程表,17
开窗,17
玩车,17
缸,17
卖车,17
低音,17
物帘,17
求教,17
杰德,17
赣,17
生产线,17
面板,17
成绩,17
景色,17
共,17
销售量,17
竞争力,17
次数,17
压根,17
熟人,17
西北,17
产品质量,17
兄台,17
思密达,17
旧款,17
感情,17
盗抢险,17
救世主,17
妈妈,17
和纳,16
高速公路,16
幅度,16
傻子,16
动机,16
八月份,16
座位,16
家里人,16
证实,16
香水,16
兄弟姐妹,16
大脚,16
石头,16
音效,16
装置,16
我用,16
相片,16
思想,16
电子眼,16
错,16
毕业,16
啊啊啊,16
吸气,16
布局,16
價格,16
内心,16
饥饿,16
话语,16
能量,16
思路,16
噪声,16
骏,16
仰融,16
兄,16
拜拜,16
游记,16
车侧,16
不值钱,16
绿灯,16
异味,16
湖北,16
逻辑,16
皮肤,16
雷锋,16
理财产品,16
机滤,16
女方,16
风雨,16
娃娃,16
桥,16
张大,16
偶遇,16
机构,16
争议,16
形容,16
白云,16
陪伴,16
滴滴,16
石油,16
玩玩,16
中心,16
窗户,16
心脏,16
卡片,16
工地,16
漏风,16
原价,16
导游,16
主程序,16
电路,16
蒙迪欧,16
一家人,16
车智尚,16
菜,16
案例,16
灰,16
噱头,16
季节,16
月亮,16
主持人,16
婚车,16
王道,16
舞台,16
底线,16
坑人,16
人群,16
手册,16
球头,16
熊起,16
界入,16
感覺,16
个别,16
坛,16
暴雨,16
威武,16
外置,16
加点,16
橡胶,15
自豪,15
买单,15
死角,15
公园,15
垃圾车,15
狼,15
买菜,15
广场,15
企,15
饮料,15
家族,15
死性,15
猎魂,15
高音喇叭,15
美的,15
金杯,15
气量,15
实事求是,15
对,15
策略,15
活力,15
手法,15
付清,15
轮胎气压,15
西湖,15
仇恨,15
总价,15
馬,15
法瓷,15
小宝,15
泉,15
驾驶座,15
汉奸,15
托车,15
评,15
人数,15
角,15
水准,15
黄色,15
鸟,15
秋韵,15
菊花,15
南宁,15
大坑,15
密码,15
契约,15
天津,15
奇葩,15
身份证,15
对象,15
蛋蛋,15
摩托车,15
参观,15
牙子,15
動力,15
缘故,15
门票,15
四驱,15
东南汽车,15
文明,15
下线,15
人为,15
奶奶,15
懒人,15
梦幻,15
视觉,15
有缘,15
过分,15
青春,15
小众,15
豪,15
全世界,15
龟儿子,15
蛋痛,15
主观,15
第三者,15
异乡,15
通风,15
姑娘,15
中,15
车厢,15
坐姿,15
设计师,15
司朗,14
眼神,14
车贷,14
车美,14
花瓶,14
大方,14
科拉,14
充气,14
祖国,14
技巧,14
入门,14
心想,14
级车,14
大腿,14
硬伤,14
美景,14
省心,14
座套,14
资本,14
职业,14
秘密,14
大叔,14
哈雷,14
弹簧,14
灰色,14
電子,14
大发,14
江阴,14
地位,14
单光,14
刮痕,14
顶,14
古龙水,14
华丽,14
套子,14
色彩,14
意向,14
前辈,14
新奇,14
拉花,14
廉价,14
杯架,14
误会,14
齿轮,14
败笔,14
保持清洁,14
廠家,14
行业,14
大厅,14
心仪,14
大树,14
周杰伦,14
身影,14
业绩,14
路感,14
年龄,14
游戏,14
细心,14
大作,14
扶手箱,14
头部,14
车贴,14
美容店,14
内幕,14
同,14
霸道,14
外资,14
江安,14
前驱,14
面包,14
气氛,14
稳定性,14
蜻蜓,14
无力,14
电源,14
鬼子,14
出租车,14
车一族,14
法拉利,14
美容,14
正品,14
安徽,14
样,14
费,14
托们,14
宾利,14
市值,14
声明,14
李金波,14
表情,14
泸州,14
玻璃水,14
车间,14
涨价,14
大屏幕,14
幸运星,14
断肠人,14
电视台,14
老妈,14
东北,14
锁门,14
灯罩,14
风险,14
节省,14
热气,13
消耗量,13
姿势,13
钱包,13
钣金,13
动平衡,13
油漆,13
英雄,13
朱,13
棒子,13
小型车,13
市區,13
伯爵,13
容量,13
群裡,13
交代,13
亲戚,13
代码,13
太棒了,13
车震,13
油品,13
大红花,13
顶棚,13
土匪,13
短时间,13
喷子,13
冷风,13
黄岛,13
同情,13
后视,13
男青年,13
不错呀,13
孙子,13
保时捷,13
球,13
弟弟,13
地力,13
产品线,13
金属漆,13
高架,13
音量,13
蝴蝶,13
理念,13
品味,13
原文,13
内在美,13
基友,13
代言,13
差劲,13
发动机舱,13
纪念,13
辣子鸡,13
首款,13
途胜,13
海,13
车况,13
远程,13
盒,13
资格,13
蹄片,13
光线,13
女性,13
我心,13
本土,13
大伟,13
考虑一下,13
浙江,13
权益,13
叶大呆,13
心灰,13
顺序,13
能省,13
福,13
山东,13
女司机,13
熊,13
车迷,13
集,13
撸主,13
城市道路,13
大桥,13
產業,13
大爷,13
南通,13
看帖,13
手指,13
忆冷,13
礼物,13
邮箱,13
洛阳,13
灯珠,13
速手,13
黑屏,13
谣言,13
搜星,13
卡住,13
对头,13
太久,13
关门声,13
两格,13
昂科威,13
叶子,13
机,13
热车,13
熊猫,13
箱油,13
科普,13
市面上,13
蓝天,13
借口,13
雪,13
天顺,13
工艺,13
服务区,13
大理,13
满大街,13
松紧度,13
韩系,12
硬派,12
处理结果,12
飞天,12
门板,12
暖风,12
邛海,12
电力,12
羊肉,12
看点,12
功课,12
假,12
反光镜,12
关窗,12
商用,12
伴侣,12
云,12
西门子,12
短板,12
外貌,12
老婆大人,12
钠,12
香车,12
湾湾,12
外置式,12
锦州,12
秒,12
龙,12
清洁剂,12
时刻,12
头顶,12
元件,12
今天下午,12
宁波,12
优缺点,12
语音,12
托儿,12
科学,12
草坪,12
毛主席,12
西门庆,12
后,12
装潢,12
高峰,12
平衡杆,12
卧槽,12
双腿,12
单子,12
鑫,12
权利,12
剑门,12
双光,12
好福气,12
奇差,12
昆山,12
真假,12
董事长,12
电视,12
载重量,12
工信部,12
烟,12
父亲,12
婚宴,12
上下车,12
灯亮,12
四门,12
讯息,12
莲花,12
龙岗,12
事业,12
建者,12
油泵,12
实用性,12
玩具,12
外壳,12
試車,12
层次感,12
后果,12
预警系统,12
兔,12
用处,12
驾驶者,12
升窗,12
管理员,12
负面,12
直线,12
一分货,12
身怀,12
草,12
密封性,12
两者,12
墨,12
意大利,12
珊瑚,12
农村,12
工程,12
科,12
頭,12
坡,12
店主,12
信息反馈,12
消失,12
婚姻,12
夜神,12
机件,12
北环,12
玩意儿,12
平顺,12
电镀,12
莫非,12
黑狗,12
整理,12
贴花,12
心思,12
冷门,12
游玩,12
市政府,12
闷骚,12
小路,12
缆车,12
空,12
台湾地区,12
脾气,12
收音机,12
理会,12
大奖,12
家用车,12
情況,12
车键,12
损,12
家伙,12
都还没,12
开机,12
爱妻,12
骑乘,12
法克,12
地毯,12
棕色,12
安吉,12
小喇叭,12
诱人,12
言语,12
管教,12
捷达,12
区域,12
意识,12
弗丁,12
景区,12
特地,12
里奥,12
选项,12
有车,12
皮质,12
商用车,12
步入,12
舱盖,12
工具,12
地带,12
后背,11
强度,11
老兄,11
小曾,11
分辨率,11
基金,11
密封圈,11
次顶,11
有力,11
标识,11
常识,11
铁将军,11
居客,11
急事,11
车损险,11
黄油,11
卤素,11
心愿,11
品質,11
大车,11
木头人,11
十全十美,11
档杆,11
鄂,11
战略,11
参考价值,11
新化,11
临沂,11
三星,11
買車,11
班,11
马儿,11
死尸,11
回龙观,11
元素,11
大聚会,11
耶,11
效果图,11
小排量,11
工厂,11
漆面,11
中速,11
立帖,11
会车,11
策划,11
读书,11
灌水,11
保证金,11
专属,11
铝合金,11
叶小殇,11
长假,11
腿部,11
口,11
爬坡,11
房,11
前车,11
全身,11
敬业,11
字面上,11
猴子,11
过瘾,11
张扬,11
根目录,11
江南,11
关,11
皮实,11
冰箱,11
土,11
小泉,11
任务,11
潮州,11
状况良好,11
博,11
礼,11
流口水,11
泡妞,11
病,11
清水,11
手動,11
节目,11
老车,11
虎门,11
敌人,11
气派,11
雪亮,11
箭头,11
洞,11
尾,11
导航系统,11
砖,11
屁用,11
男孩,11
垫子,11
公告,11
安庆,11
寻思,11
纳车,11
误报,11
红包,11
黑社会,11
交点,11
省略,11
栓,11
圖,11
要点,11
耳朵,11
绍兴,11
纳语,11
多媒体,11
遥控器,11
力气,11
邓,11
官网,11
手套,11
人体,11
口味,11
台风,11
斜坡,11
驛城,11
太平洋,11
顶贴,11
象,11
平平安安,11
夜路,11
托和黑,11
机器,11
变声,11
纳人,11
好运,11
商品,11
李书福,11
价格合理,11
天台,11
目侧,11
方位,11
极端,11
路況,11
肇事,11
过坑,11
法院,11
王老吉,11
女友,11
省钱,11
宝岛,11
实,11
枫叶,11
台州,11
灵隐寺,11
俄罗斯,11
松下,11
孬种,11
公关,11
云飞,11
油門,11
车神,11
盒子,11
两厢,11
結果,11
大点,11
纳五,11
托托,11
燕强,11
浩,11
坐椅,11
事實,11
手豪,10
钢板,10
冲击力,10
吃力,10
会长,10
機會,10
几率,10
平民,10
双手,10
热,10
人士,10
全部都是,10
大街,10
工作日,10
力帆,10
过车,10
太坑,10
繁漪,10
声响,10
流水,10
风尚,10
铁皮,10
账号,10
菠萝,10
配钥匙,10
老人,10
成人,10
翔,10
贵州,10
人工,10
修理厂,10
太帅,10
码字,10
人会,10
结论,10
街车,10
指导价,10
風,10
阿蒙,10
文本,10
普及,10
驾乘,10
教学,10
社区,10
放平,10
林,10
滚蛋,10
低头,10
昂,10
卡罗,10
王子,10
揭阳,10
喝咖啡,10
解决办法,10
补贴,10
有钱人,10
视角,10
奖,10
性格,10
正常人,10
润滑油,10
嘉年华,10
标,10
屁话,10
单身,10
整,10
亲身,10
绅宝,10
鲜血,10
高温,10
医药行业,10
理智,10
丫,10
拍点,10
买皮,10
储物格,10
头灯,10
吉普,10
背影,10
公分,10
殿堂,10
小道消息,10
话题,10
原理,10
老板娘,10
尾喉,10
身,10
地毡,10
坛主,10
佛山,10
回文,10
石家庄,10
美腿,10
合,10
旅程,10
酷,10
千岛湖,10
重點,10
女孩子,10
禁言,10
空白,10
所有人,10
主打,10
物盒,10
发帖子,10
轶丶,10
来源,10
小手,10
置顶,10
纳智杰,10
贼,10
心痛,10
亮相,10
椅背,10
泥,10
无锡,10
协商,10
宏达,10
楚,10
后者,10
故事,10
苏,10
云云,10
共振,10
手脚,10
老路,10
部份,10
命,10
气压,10
供应商,10
俊,10
偶像,10
角落,10
赛车,10
雁南,10
恩爱,10
国,10
脏话,10
平板车,10
试一下,10
浮云,10
文笔,10
车位,10
波特率,10
办,10
太晚,10
气味,10
气筒,10
少女,10
人性,10
空挡,10
地点,10
檔,10
猫腻,10
凯越,10
阴影,10
全是,10
托狗,10
过度,10
瓷,10
桑塔纳,10
遮阳板,10
诚信,10
花哨,10
珠海,10
江,10
版规,10
阳刚,10
一毛钱,10
性價,10
爱信,10
工人,10
事项,10
天涯,10
松手,9
姐姐,9
羊角,9
买家,9
靠边,9
晚安,9
带我去,9
局部,9
镇,9
鬼神,9
注意力,9
库存,9
昌河,9
排座位,9
格油,9
生,9
费点,9
實際,9
焦点,9
流线,9
机场,9
上山,9
爱美丽,9
信赖,9
軒阳,9
步骤,9
小灯,9
业务,9
油量,9
老总,9
好消息,9
王八,9
养眼,9
啤酒,9
汕头,9
华捷,9
规模,9
邮费,9
姓名,9
低价,9
拉风,9
三者,9
火车,9
不安分,9
阴天,9
贵阳,9
上帝,9
家具,9
款式,9
特写,9
妾,9
姐妹,9
金玮,9
同色,9
城管,9
木石,9
冷却液,9
河北,9
阳朔,9
远光灯,9
中国解放军,9
嘴巴,9
八字,9
题目,9
词,9
蓝烟,9
迈瑞,9
紫色,9
雷诺,9
热门,9
过奖,9
小昊,9
性别,9
唐山,9
柱子,9
提示音,9
丽丽,9
小妹,9
大地,9
阿平,9
无语,9
国民党,9
阿依杜拉,9
关注度,9
花儿,9
牛人,9
红晨醉,9
滋味,9
停车线,9
规矩,9
爷,9
表态,9
众泰,9
走量,9
气息,9
异地,9
力道,9
制,9
女士,9
友友,9
几毛钱,9
河,9
败家,9
刹车油,9
号码,9
中山,9
主角,9
爱勤海,9
环景,9
人心,9
刚刚开始,9
牵引力,9
那辆车,9
五月份,9
影音,9
平路,9
门窗,9
北,9
屏器,9
点货,9
锅,9
定乾坤,9
笑容,9
地主,9
志祥,9
收,9
啥意思,9
前言,9
好感,9
反观,9
尾气,9
大图,9
车界,9
比菲翔,9
脚步,9
总能,9
出镜,9
上官,9
横幅,9
守候,9
陆风,9
豪华版,9
老百姓,9
运动型,9
荣威,9
大道,9
温馨,9
办事,9
炫卡,9
带你去,9
配色,9
小雅,9
可能性,9
小妾,9
气质,9
银,9
例子,9
变速杆,9
染指,9
波波,9
领略,9
真是太,9
好象,9
成年人,9
方,9
过弯,9
私下,9
考量,9
冰,9
一汽集团,9
红车,9
不合理,9
尹博,9
青海,9
厢,9
前卫,9
易车网,9
手機,9
资源,9
坎,9
喜庆,9
场面,9
灵敏度,9
运城,9
样本,9
同城,9
口水,9
大学毕业,9
雨刮器,9
爱好者,9
动物,9
乌鲁木齐,9
添丁,9
燕,9
季,9
红,9
內饰,9
区分,9
警车,9
车能,9
小老婆,9
河源,9
老头,9
兜风,9
血,9
科目,9
狂飙,9
陕西,9
资质,9
杨,9
价格便宜,9
椅子,9
價位,9
高德,9
腰,9
老布,9
几块钱,9
静电,9
小伙子,9
脚法,9
阜阳,9
后窗,9
手工,9
罚款,9
现款,9
商,9
植入,9
毛线,9
传,8
头发,8
生效,8
细小,8
大事,8
沙漠,8
菲亚特,8
太丑,8
真让人,8
关键问题,8
长,8
小瑞子,8
成本低,8
清源,8
佐证,8
云中,8
明星,8
脚踏板,8
指向,8
午餐,8
乐意,8
车费,8
影响力,8
排行榜,8
走路,8
渗油,8
许昌,8
爹妈,8
不锈钢,8
轴承,8
汽车厂,8
消費者,8
队形,8
布总,8
钟爱,8
开路,8
横臂,8
气愤,8
阻力,8
立志,8
中森,8
佬,8
黑龙江,8
水杯,8
长江,8
人氏,8
防盗锁,8
桂花香,8
改装车,8
性价,8
台車,8
大力支持,8
真话,8
事事,8
胡说,8
复印件,8
隧道,8
收费站,8
摩天轮,8
条款,8
全额,8
脚底,8
馆,8
南山,8
定单,8
价格低,8
船,8
风声,8
绝尘,8
咒语,8
工时,8
零点,8
迷人,8
误差,8
鼓包,8
平常心,8
螃蟹,8
兔子,8
现货,8
黄光,8
杂物,8
全市,8
老实,8
争气,8
铃,8
臂,8
全体,8
玲,8
深色,8
女,8
字样,8
空油,8
洪雪娟,8
香肠,8
角色,8
凯旋,8
全车膜,8
明图,8
皮套,8
度角,8
均速,8
美美,8
老哥,8
老化,8
林志玲,8
漏雨,8
针,8
首歌曲,8
能装,8
面积,8
宝马车,8
领袖,8
汉口,8
农家乐,8
乱弹,8
吴玉峰,8
出点,8
稀饭,8
顶帖,8
电线,8
决策者,8
群众,8
甲醛,8
安安,8
安逸,8
娃,8
前脸,8
字母,8
拉郎配,8
总觉,8
路灯,8
主子,8
日货,8
定义,8
时说,8
猛油,8
空气净化,8
国产品牌,8
作業,8
奥智,8
嫂子,8
天地,8
山露,8
高层,8
昊,8
太原,8
运动感,8
原书,8
家门,8
老师傅,8
資料,8
竹,8
西藏,8
小猪,8
迟早会,8
张家界,8
汽配城,8
小学,8
三亚,8
邢,8
停车位,8
刚订,8
套套,8
卞舒,8
刻度,8
马脚,8
定,8
碾压,8
一楼,8
口袋,8
专车,8
門,8
私人,8
和智,8
乡,8
渔,8
大手笔,8
液晶,8
永昌,8
耳机,8
过河拆桥,8
风光,8
支招,8
好车,8
车衣,8
利器,8
途径,8
白马,8
触摸屏,8
下地,8
保本,8
峰值,8
新时尚,8
低点,8
主力,8
伤,8
沃尔沃,8
情歌,8
无线,8
天理,8
傲娇,8
屁屁,8
碎片,8
君,8
小姑娘,8
混蛋,8
笔试,8
小编,8
陽光,8
作品,8
电压,8
淄博,8
货款,8
影,8
农夫,8
尼桑,8
上学,8
篇文章,8
号牌,8
食尸,8
障碍,8
车底,8
交强险,8
拍板,8
凭良心,8
耳,8
五省,8
兆麟,8
刚子,8
电容,8
低油耗,8
東西,8
鳍,8
双色,8
帝豪,8
菜园坝,8
呼声,8
台阶,8
入口,8
萝卜,8
法律,8
刮片,8
客车,8
五速,8
网通,8
朗,8
计算器,8
修理店,8
股份,8
胖子,8
热心,8
策马,8
部落,8
买手机,8
鼻子,8
养车,8
夕阳,8
工薪阶层,7
别介意,7
人身,7
提板,7
五菱,7
蛋糕,7
带回家,7
人人,7
丽江,7
兜兜风,7
奴,7
活,7
感叹号,7
七星,7
字面,7
作风,7
场子,7
凤凰,7
五毛钱,7
心態,7
响,7
巴彦淖尔,7
个场,7
宇宙,7
家装,7
圆润,7
雨刷器,7
大门,7
鹰,7
天王,7
岸,7
華人,7
核心,7
欲龙,7
品牌价值,7
凌航,7
问候,7
红线,7
行列,7
发货,7
能,7
总统,7
拉拉,7
笔误,7
彩色,7
短路,7
低端,7
硬道理,7
公交车,7
镀膜,7
刹车踏板,7
指令,7
郑,7
心理准备,7
珀金,7
哈飞,7
小鱼,7
全民,7
晚点,7
药,7
花开花,7
新区,7
动,7
一块钱,7
路肩,7
高音,7
婚,7
厂里,7
多媒体系统,7
時候,7
王者,7
车把,7
展车,7
套餐,7
青烟,7
单程,7
指标,7
键盘,7
煞笔,7
进风口,7
钥匙包,7
行云流水,7
恐惧症,7
真车,7
新鲜事,7
妻子,7
萝卜青菜,7
雾天,7
队列,7
流,7
闯,7
葡萄,7
新鲜感,7
票,7
记者,7
用車,7
盘山公路,7
管路,7
谍照,7
种类,7
浪心,7
盖子,7
资金周转,7
家乐,7
法国,7
脏东西,7
波罗,7
飞翔,7
宝座,7
意,7
大海,7
积水,7
观念,7
资产,7
老人家,7
地震,7
卡里,7
孔,7
派出所,7
走线,7
常规,7
标贴,7
白沙洲,7
装车,7
上场,7
新铭鑫,7
税收,7
门锁,7
喷漆,7
细分,7
创业,7
花钱买,7
隔板,7
警方,7
风向,7
大炮,7
金沙滩,7
海拔,7
血汗钱,7
吃货,7
奶,7
物板,7
离北,7
物件,7
宰客,7
喷油,7
议论,7
口香糖,7
保安,7
右手,7
漏气,7
龙井,7
车技,7
补胎,7
长城汽车,7
爆胎,7
行家,7
桂,7
欧司朗,7
车胎,7
物箱,7
资助,7
启阳,7
亲身经历,7
姐夫,7
彼岸,7
不输给,7
邳州,7
赤子心,7
性质,7
情节,7
中高,7
佳丽,7
老朋友,7
装上,7
大白,7
京东,7
硬质,7
延长线,7
大路,7
桂花,7
伙伴,7
信号灯,7
华人,7
时能,7
每辆车,7
社,7
冷清,7
开口,7
天线,7
網,7
高速路,7
黑衣,7
天秤座,7
音乐学院,7
频率,7
爱人,7
聲音,7
刑警队,7
索性,7
医院,7
比翼,7
名单,7
地铁,7
内蒙古,7
之恋,7
天热,7
流程,7
接收器,7
羊,7
右脚,7
报案,7
武装,7
后装,7
别生气,7
米其林,7
影子,7
协会,7
废油,7
白白,7
北极熊,7
精英,7
法规,7
黑夜,7
雾气,7
等车,7
反应速度,7
长安汽车,7
記錄,7
高峰期,7
缺德,7
被扣,7
平,7
图片吧,7
大功率,7
圆,7
陈,7
分割线,7
台币,7
刚性,7
架子,7
将车,7
大礼包,7
发烧友,7
銷量,7
小鱼儿,7
深度,7
液态,7
大雨,7
强势,7
黄灯,7
拐弯,7
明眼人,7
工单,7
小贵,7
挡板,7
謝謝,7
省份,7
琉璃,7
部队,7
收益,7
真理,7
范儿,7
名族,7
富,7
长大,7
尹同耀,7
奇骏,7
坑洼,7
螺丝刀,7
办事处,7
鞋子,7
饼干,7
别提,7
高调,7
群号码,7
缸体,7
精力,7
交朋友,7
安全系数,7
呆子,7
机动车,7
游客,7
物质,7
暴力,7
背光,7
纯,7
狐狸,7
比比,7
警示灯,7
体系,7
外饰,7
人间,7
重,7
價,7
汀,7
盲目,7
集美,7
弹性,7
靓照,7
老車,7
窗子,7
红药,7
有限公司,7
买点,7
差太,7
阿尔法,7
生命安全,7
外国,7
魚,7
大姐,7
意念,7
台湾省,7
若真,7
蛇,7
心眼,7
渦輪,7
美眉,7
惯例,7
天主,7
特性,7
吸引力,7
名图,7
远光,7
诸暨,7
碟,7
好长时间,7
手机号,7
明白人,7
问下,7
翎光,7
名气,7
彩,7
驱车,7
科技馆,7
成品,7
艾米,7
泵,7
东,7
小温,7
时期,7
省事,7
销售策略,7
新路,7
三宝,7
兰兰,7
石子,7
许可,7
图强,7
板块,7
新大,7
黑顶,7
旅車,6
皮卡,6
按摩椅,6
朝阳,6
爱纳,6
太冷,6
弟,6
仔,6
交通状况,6
国际版,6
工况,6
上马,6
小青年,6
公子,6
出场,6
高达,6
天价,6
爆菊,6
普拉多,6
本质,6
莫尔道,6
义务,6
碳,6
土劳,6
車型,6
军旅,6
海鸥,6
边关,6
痞子,6
名言,6
油菜花,6
脉脉,6
图能,6
几辆车,6
卡托,6
东之捷,6
东京,6
锁匙,6
雷克萨斯,6
英文,6
秋,6
景美,6
魂,6
福气,6
狀況,6
领油,6
道德,6
封釉,6
洗衣,6
景逸,6
淡定,6
多拉,6
差评,6
变形金刚,6
颖,6
浓缩液,6
特斯拉,6
人氣,6
鑰匙,6
后照,6
太郎,6
今天上午,6
尘土,6
防冻液,6
卡修,6
夜车,6
望天思,6
比喻,6
团体,6
观众,6
騙,6
真牛,6
眼泪,6
房间,6
赵野,6
一带,6
真棒,6
经济性,6
过日子,6
金额,6
单车,6
降價,6
天籁,6
機,6
周,6
衢州,6
协议,6
无脑,6
知己,6
烩面,6
地域,6
坏事,6
正题,6
红颜,6
牌牌,6
台子,6
主驾,6
宜昌,6
办牌,6
责任险,6
诟病,6
钟情,6
仪,6
黑們,6
宾馆,6
个案,6
真陈路,6
感兴趣,6
小事,6
安宁,6
爆料,6
纳粉,6
晨,6
死命,6
豆姐,6
杠,6
给力,6
晓柔,6
田,6
暹罗,6
武斌,6
片子,6
辽宁,6
世外桃源,6
对车,6
工作温度,6
全車,6
乡间,6
魁,6
豪放派,6
水泥,6
穷人,6
标价,6
大力,6
宝典,6
服帖,6
肚子,6
手头,6
成果,6
车粉,6
行李,6
路费,6
西街,6
地步,6
门子,6
和悦,6
礼貌,6
喜气,6
意義,6
塞拉,6
标的,6
选择性,6
温泉,6
上海大众,6
楼猪,6
威海,6
合体,6
车族,6
喷粪,6
小雨,6
事宜,6
基因,6
桃桃,6
動,6
李华昆,6
纸上谈兵,6
车架号,6
浦东,6
大鸣,6
压缩包,6
排量车,6
暗号,6
香车美人,6
好事儿,6
博艺,6
拖把,6
假货,6
油箱盖,6
锤子,6
净化器,6
青白江,6
价低,6
新鲜,6
样式,6
达坂城,6
马虎,6
音调,6
音响效果,6
脈,6
华,6
天断,6
交通事故,6
成就,6
横店,6
瓶,6
CD机,6
杂音,6
一汽大众,6
棉,6
心寒,6
蒸汽,6
拖,6
休息区,6
眼瞎,6
舅舅,6
放油,6
江苏,6
圆人,6
山头,6
真幸福,6
成交价,6
悦翔,6
车高,6
仙人,6
基地,6
梯田,6
廖,6
塔顶,6
腾讯,6
途锐,6
南极洲,6
油路,6
都木,6
卡宴,6
前轴,6
車論壇,6
海军,6
选妾,6
友,6
关键时刻,6
贝贝,6
花径,6
擎天柱,6
大碍,6
博世,6
学校,6
霸王,6
纸巾,6
蘭菲修,6
暮色,6
双透,6
阵势,6
亲人,6
高潮,6
别跟我,6
名车,6
双城记,6
國貨,6
正事,6
纯情,6
安定性,6
平面,6
支架,6
新车型,6
盆友,6
质,6
音频,6
小时候,6
副总经理,6
杯子,6
渔民,6
老城区,6
风景区,6
单侧,6
鸭,6
最低价,6
铁骑,6
客休区,6
背式,6
火星,6
店提,6
挪,6
听闻,6
英寸,6
差钱,6
连带,6
大妈,6
使劲顶,6
專業,6
错觉,6
学院,6
动心,6
耗油量,6
跌价,6
记下,6
先行,6
合作伙伴,6
省点,6
火腿肠,6
尹家绪,6
仓,6
顶膜,6
正宗,6
账,6
总会,6
沙子,6
國產,6
原话,6
满意度,6
欧美,6
晴天,6
體驗,6
棒棒,6
转数,6
不潮,6
复制粘贴,6
物理,6
二人,6
漳州,6
唐,6
水贴,6
假透肉,6
民主,6
博物馆,6
大芽梓,6
满地,6
陆虎,6
偏向,6
内伤,6
模具,6
尾巴,6
变相加价,6
外国人,6
下山,6
速是,6
吴,6
车数,6
督军,6
德系,6
好帅,6
浏览量,6
圈圈,6
旗艦,6
蚊子,6
买房子,6
水河,6
汽车销量,6
良知,6
车关,6
有效期,6
目的地,6
代步车,6
封口,6
宁可,6
内黑,6
笑语,6
塑料片,6
如题,6
居家,6
凹槽,6
孑,6
天色,6
收据,6
海涵,6
仲,6
岳阳,6
玛莎拉蒂,6
爷子,6
阿良,6
中级车,6
铂金,6
老话,6
竞品,6
彩虹,6
白龙马,6
立体,6
春雷,6
长度,6
路宝,6
顶级,6
草根,6
情结,6
三环路,6
走,6
直观,6
门店,6
栅,6
毒害,6
情形,6
高富帅,6
邢芳,6
虾,6
环路,6
丽水,6
英朗,6
资深,6
含鄱口,6
好好学习,6
山区,6
油券,6
林蛋,6
无情,6
形势,6
价高,6
兰博基尼,6
暮光,6
桃花,6
大雪,6
净化,6
貨,6
黄浦,6
报警器,6
希其,6
主意,6
内蒙,6
世间,6
暗线,6
好心人,6
电器,6
雨刷,6
卤素灯,6
起家,6
金士顿,6
衫,6
泰州,6
真人秀,6
坏毛病,6
西,6
高强度,6
精华贴,6
捷安特,6
肺,6
张图,6
良率,6
现金交易,6
缺货,6
三藏,6
发电机,6
对策,6
李某,6
卫星,6
故,6
云雾,6
乱码,6
邪风,6
个子,6
美人鱼,6
憨,6
防锈漆,6
软,6
对号入座,6
舒赫,6
评分,6
爱心,6
规格,6
男神,6
机子,6
飞马,6
家油,6
充分发挥,6
美式,6
税种,6
商标,6
中型车,6
内存卡,5
企業,5
驭胜,5
小结,5
纸飞机,5
舒适感,5
屏幕显示,5
托黑,5
月销量,5
创酷,5
帽子,5
澡,5
雞,5
平地,5
成績,5
啤好,5
奇迹,5
真車,5
隔天,5
时车,5
动静,5
满嘴,5
爆发力,5
主席,5
极力,5
脏污,5
答谢会,5
野帝,5
金刚,5
补漆,5
逊色,5
有福气,5
發動機,5
通州,5
冯漂,5
过头,5
秋雨,5
花样,5
图像,5
徐州,5
犊子,5
小化,5
沟,5
質量,5
产,5
散架,5
失策,5
敢感,5
保险盒,5
导弹,5
投票,5
魄力,5
民间,5
雨雾,5
胃口,5
黑納智,5
美滨,5
难题,5
顾名思义,5
岛国,5
二手市场,5
负面影响,5
膝盖,5
俗气,5
刘,5
关禁闭,5
姑爷,5
笔,5
曲线,5
残粉,5
警告,5
全家人,5
队,5
冷气,5
德国人,5
马云,5
尘,5
公正,5
棉袄,5
购物,5
根线,5
花卉,5
领导人,5
宅,5
神经病,5
旁觀,5
台湾同胞,5
观,5
皇冠,5
立业,5
新車,5
酒席,5
直营店,5
彭,5
彩铃,5
电车,5
太牛,5
箱子,5
袜子,5
附加税,5
雷劈,5
申报,5
英国,5
零售价,5
弧度,5
爱情,5
辉,5
块油,5
华泰,5
努力奋斗,5
驾驶人员,5
心酸,5
祸害,5
托克逊,5
滋,5
伤疤,5
二极管,5
直板,5
合伙,5
隔音棉,5
斜对角,5
段子,5
女票,5
速速,5
蝶形,5
岁数,5
万全,5
剧场,5
太猛,5
宝鸡,5
邯郸,5
敬佩,5
用油,5
心灵,5
登记证,5
日照,5
太假,5
内行,5
武力,5
神曲,5
汽,5
通,5
婚礼,5
车体,5
产品价格,5
标线,5
车垫,5
省油的灯,5
谢谢你们,5
子孫,5
牛掰,5
军工路,5
古镇,5
太紧,5
维修保养,5
链条,5
大城市,5
沙井,5
个人修养,5
成员,5
开票,5
鱼线,5
汽贸,5
熏肉,5
索,5
瀑布,5
教教,5
花园,5
利灿灿,5
挂件,5
味儿,5
大用,5
绿豆,5
马来西亚,5
风沙,5
基德,5
前大灯,5
个毛,5
小伟,5
全家福,5
坦克,5
吱吱声,5
筋骨,5
流量,5
瞎说,5
低音炮,5
诗词,5
吹牛,5
注意事项,5
西瓜,5
年度,5
兜兜,5
氮气,5
仿皮,5
轩逸,5
线性,5
旋钮,5
表示同情,5
等候,5
腳力,5
两辆车,5
门拉手,5
细菌,5
纵容,5
芳,5
清晰度,5
廣州,5
晚会,5
天才,5
店名,5
列队,5
专业人士,5
贺喜,5
大厂,5
乡下人,5
处女座,5
岩,5
情人,5
胸,5
前窗,5
工程款,5
森,5
避震器,5
趋势,5
心德,5
浏阳,5
麦兜,5
过,5
海绵,5
惯性,5
照渠,5
南阳,5
感应器,5
胳膊,5
猛虎,5
主页,5
贩子,5
碳纤维,5
眼镜盒,5
销售方,5
龙膜,5
换胎,5
古人云,5
山脉,5
靓车,5
苑,5
救援车,5
屁事,5
储水,5
亮眼,5
好点,5
屈柘,5
的用,5
岛,5
虫,5
狗屁,5
文学,5
平均速度,5
体制,5
群发,5
终生,5
功力,5
走亲,5
风流,5
出面,5
泥泞,5
集大成,5
满天飞,5
凡事,5
戏,5
增压器,5
坑里,5
小马拉,5
大家伙,5
赣州,5
分税制,5
冷笑,5
字数,5
河西,5
出毛病,5
真实性,5
空间设计,5
玉米,5
华中,5
心塞,5
财主,5
配毛,5
服务费,5
保险丝,5
老带,5
权力,5
墨水,5
行車,5
高山,5
脚盆,5
睁眼,5
没什,5
特,5
意境,5
阜新,5
产销量,5
航,5
压燃,5
中文,5
开帖,5
合利,5
扬声器,5
尾翼,5
内部结构,5
龙脊,5
人潮,5
严重者,5
遭遇,5
挺棒,5
氙灯,5
盐,5
须尽欢,5
杯具,5
納廠,5
条约,5
小马,5
符号,5
学生,5
骂街,5
大葛格,5
体力,5
路人,5
待遇,5
动手术,5
比长,5
湖底,5
强光,5
腰包,5
点刹,5
马六,5
德艺双馨,5
车嘛,5
实习期,5
上户,5
热量,5
缸内,5
魔鬼,5
天池,5
男子,5
汽车论坛,5
套装,5
舅子,5
体重,5
智障,5
环抱,5
护垫,5
勇生,5
飞轮,5
回次,5
公众,5
脚趾,5
计,5
半坡,5
搓衣板,5
肚,5
对准,5
热线,5
条子,5
硬板,5
总和,5
汽车品牌,5
西溪,5
老手,5
节操,5
淘宝网,5
途经,5
危害,5
抓贼,5
车托说,5
底架,5
人情,5
曾哥,5
拍照片,5
静态,5
化,5
几楼,5
敲门砖,5
工时费,5
刹车灯,5
梅赛德斯,5
毛毛虫,5
千古,5
名人,5
界,5
仓鼠,5
交货,5
塑料袋,5
食品,5
問問,5
丹凤眼,5
六速,5
字眼,5
痴情,5
那智捷,5
托塔,5
随车,5
腰线,5
阳光明媚,5
天生丽质,5
科技园,5
时间段,5
名表,5
全力,5
技术人员,5
大本营,5
烧油,5
心门,5
下文,5
家乡,5
市场份额,5
信群,5
神话,5
椰子,5
品牌形象,5
仪式,5
大腳,5
速溶,5
精灵,5
杰,5
手艺,5
化纤,5
黑线,5
一女,5
夜幕,5
顾客,5
前景,5
附件,5
盖章,5
陆陆续续,5
窝边草,5
个例,5
省道,5
刀,5
车海,5
业界,5
保价,5
害人,5
六月份,5
耐用性,5
宜都,5
包皮,5
结冰,5
指甲,5
佛,5
活性炭,5
飞龙,5
爱卡,5
离地,5
用点,5
晚饭,5
智捷,5
速博,5
环境污染,5
世,5
皇朝,5
条线,5
花车,5
麻豆,5
专利,5
不争,5
费力,5
丰益桥,5
嚴董,5
师父,5
颗粒无收,5
族,5
倒车镜,5
开业,5
高价,5
儿童,5
和翼虎,5
小伙,5
好心,5
目光,5
物体,5
核心技术,5
登场,5
外圈,5
淡季,5
漏水,5
酒精,5
体育馆,5
西游记,5
门饰板,5
保护膜,5
手拉,5
太累,5
情定,5
车险,5
三车,5
尿,5
点子,5
小坑,5
小哥,5
号,5
知情,5
小狮子,5
感脚,5
精心,5
搜狐,5
总监,5
智者见智,5
阿民,5
頂文,5
機油,5
虚线,5
業務,5
私底下,5
捷,5
前门,5
功能性,5
心理作用,5
水深,5
前膜,5
气缸,5
木糖醇,5
晶晶,5
串串,5
谷,5
附带,5
简式,5
口人,5
底板,5
财政,5
轮,5
驱顶,5
母鸡,5
习惯性,5
指向性,5
权,5
赵,5
东风汽车,5
国字,5
心花,5
改革开放,5
竹山,5
時尚,5
买顶,5
国货,5
通车,5
锦绣,5
輪胎,5
张嘴,5
老叶,5
优惠政策,5
左想,5
头痛,5
有情,5
电子式,5
灵魂,5
一流,5
小轿车,5
感光,5
五老峰,5
迈,5
印度,5
水滴,5
控制面板,5
西路,5
郊县,5
靓女,5
结婚证,5
上点,4
饰板,4
大风,4
同路,4
胎温,4
流云,4
品格,4
科技含量,4
白桦林,4
套,4
凤凰古城,4
泪水,4
韓國,4
倾力,4
混,4
平均值,4
青,4
别以为,4
三环,4
黄磊,4
石,4
小点,4
棒棒糖,4
圖片,4
手写,4
花点,4
车船税,4
心目,4
挖掘机,4
几秒钟,4
风暴,4
烟灰缸,4
老邓,4
小米,4
云霞,4
美照,4
马山,4
半山,4
中鑫,4
办公室,4
賽車,4
前杠,4
宏,4
均耗,4
水果,4
蒙山,4
店面,4
定论,4
井盖,4
都车,4
美庐,4
香,4
大王,4
风挡,4
匯率,4
戈恩,4
料,4
公举,4
石亮,4
学车,4
东二环,4
姜林,4
易损件,4
供,4
整台,4
微车,4
伤钱,4
大长,4
语句,4
打保票,4
小村,4
美味,4
外白,4
诸侯,4
宁德,4
铃木,4
臉,4
野马,4
车站,4
密封条,4
上台,4
人选,4
荒郊,4
起步价,4
高压,4
马达,4
怒火,4
普桑,4
不容,4
狗熊,4
钢性,4
人命,4
拆线,4
决议,4
人能,4
秃头,4
安徽省政府,4
多长,4
车四驱,4
稳定杆,4
财富,4
工廠,4
受力,4
伴娘,4
印尼,4
车源,4
锋驭的,4
共性,4
接线,4
陌生,4
村民,4
统统,4
內傷,4
拉,4
芙蓉,4
看运气,4
狗屎,4
下哈,4
四轮驱动,4
中國,4
峰,4
耳光,4
白外黑,4
竿,4
双喜临门,4
秒钟,4
别太,4
摇机,4
正果,4
杰作,4
强迫症,4
损车,4
速率,4
牌數,4
屁眼,4
雪种,4
热值,4
權,4
参数表,4
广告费,4
乌兰浩特,4
时分,4
野味,4
热茶,4
老汉,4
功劳,4
团伙,4
小玩意儿,4
爱称,4
档手,4
闪迪,4
大美女,4
心爱,4
结缘,4
将本群,4
税率,4
临江,4
布衣,4
泥土,4
盾形,4
钢铁,4
工程师,4
插口,4
老段,4
传谣,4
钥匙孔,4
兵,4
酸,4
麻雀,4
蓝光,4
梦中人,4
会货,4
远路,4
抢占市场,4
寒舍,4
分神,4
层面,4
小女子,4
內容,4
中秋佳节,4
张照,4
落叶,4
眾車,4
梁式,4
老丈人,4
动态,4
马三,4
前者,4
品德,4
夫,4
玩具车,4
女子,4
元一升,4
美不美,4
瞎子,4
口号,4
光芒,4
生物,4
油錢,4
共花,4
假话,4
环节,4
电器设备,4
灯花,4
贪色,4
烟香,4
真皮沙发,4
浪费时间,4
赛道,4
延保,4
香烟,4
众人,4
价格比,4
壳子,4
华创,4
色狼,4
老面孔,4
车才,4
少爷,4
星空,4
巴基,4
零點,4
空旷,4
上线,4
檀智,4
北环路,4
圣地,4
匹马,4
战神,4
昌平,4
孔距,4
夫人,4
真空泵,4
云台山,4
總,4
内幕消息,4
宝库,4
总部,4
控系统,4
迹象,4
鸭子,4
身价,4
楼说,4
气门,4
平板,4
九江,4
红杉,4
胶州湾,4
艾维,4
宿舍,4
小魏,4
思楚,4
太长,4
气泡,4
台巴子,4
庙,4
银川,4
关节,4
骨头,4
范,4
实则,4
交规,4
乡村,4
準車,4
杂说,4
陆丰,4
锋,4
子孙后代,4
智帅,4
秋水,4
损耗,4
麼,4
学学,4
客人,4
宁静致远,4
曹超,4
帖友,4
绒面,4
海拉尔,4
误区,4
普,4
大队,4
苗子,4
隐形,4
仪表板,4
刷机,4
问才,4
水枪,4
篝火,4
南亭村,4
教學,4
色温,4
杯垫,4
草泥马,4
插座,4
東莞,4
兰,4
语文,4
漲勢,4
調校,4
昂科,4
风量,4
舆论,4
交警大队,4
装饰品,4
好車,4
姓李,4
布莱恩,4
神兽,4
胡度,4
产物,4
废物,4
赛场,4
具体地址,4
法眼,4
小日子,4
府,4
斯柯达,4
标榜,4
坐骑,4
传言,4
皮革,4
荀瑾,4
拉皮,4
玩心,4
内置式,4
胎神,4
光宗耀祖,4
专业户,4
格式化,4
三键,4
危机,4
对立面,4
人间仙境,4
挑花,4
芝士,4
中华轿车,4
军人,4
二维码,4
透气,4
免费刷,4
用法,4
喜感,4
指點,4
需要的话,4
车帅,4
銀行,4
祖坟,4
固态,4
跃岭,4
双脚,4
人品,4
冒风险,4
保持一致,4
总公司,4
桌,4
米兰,4
排氣,4
寒酸,4
充其量,4
开尾门,4
專車,4
口误,4
门坎,4
车表,4
契机,4
越野赛,4
券能,4
实际效果,4
硬度,4
余地,4
郊游,4
广安,4
太细,4
袋子,4
沙勒,4
巧克力,4
信服,4
会标,4
办公桌,4
向左转,4
车市,4
张哈门,4
工钱,4
店定,4
车想,4
车评,4
帽儿,4
销魂,4
老爷,4
华瑞,4
谷歌,4
幺,4
老孔,4
量产,4
乔丹,4
障碍物,4
堂哥,4
国五,4
郊,4
鸟事,4
裕,4
个别人,4
瑟,4
智尊优,4
崔,4
大粪,4
九月份,4
医生,4
全省,4
自卑,4
押金,4
人民日报,4
空壳,4
开圈,4
小病,4
托文,4
蔡,4
会场,4
欧克,4
足迹,4
友情,4
亮色,4
下水道,4
蓄电池,4
民营企业,4
沈半路,4
益阳,4
后置,4
摸车,4
次车,4
宽度,4
检车,4
买买提,4
專用,4
电子产品,4
陶醉,4
人用,4
老火,4
车辆保养,4
文兄,4
小麦,4
苏摩,4
一路平安,4
优盘,4
冲量,4
莱州,4
珠,4
干净利落,4
百,4
双楠,4
仁兄,4
铝,4
地胶,4
南北,4
消息灵通,4
幻影,4
流水线,4
产业,4
双边,4
轨迹,4
光明,4
卡子,4
遮阳,4
鼻涕,4
庞彪,4
饰品,4
名志,4
小气,4
合格证书,4
穷光蛋,4
新闻热线,4
大马力,4
含义,4
灯灯,4
吸取教训,4
男儿,4
黄山,4
世家,4
仓库,4
脑细胞,4
成功人士,4
妖怪,4
四驱车,4
時速,4
愛國,4
燈,4
下场,4
花纹,4
空位,4
画画,4
電腦,4
韶山,4
優點,4
杀伤力,4
王八蛋,4
大大降低,4
框架,4
压,4
叫板,4
業,4
岳麓山,4
麦芽糖,4
甲乙丙丁,4
阿尔山市,4
服务水平,4
车床,4
法号,4
名门,4
极差,4
赵太齐,4
用途,4
学问,4
童鞋,4
人定,4
訂單,4
軸,4
丑男,4
所指,4
玩命,4
返程,4
室韦,4
右手边,4
玻璃窗,4
门面,4
显示仪,4
燃料电池,4
浙江省,4
史,4
效率,4
气势,4
名义,4
上凯,4
雷凌,4
跳梁小丑,4
用品厂,4
外力,4
做客,4
鹏,4
网购,4
白车,4
心算,4
铁杆,4
犀牛,4
酒吧,4
本店,4
小强,4
门碗,4
全站仪,4
浙,4
老马,4
腳,4
文文,4
洲,4
厉,4
附图,4
彩粉,4
妹夫,4
实力派,4
美貌,4
午饭,4
粉丝,4
机制,4
顺德,4
组队,4
中枪,4
折边,4
天赋,4
眼红,4
車行,4
金殿,4
牡,4
立场,4
轴头,4
罗,4
体贴,4
指路,4
索纳塔,4
天气情况,4
壳,4
贵在,4
女性朋友,4
伤口,4
满山,4
钩,4
液,4
开发区,4
洪,4
回娘家,4
龟,4
愛用國貨,4
避孕药,4
会员,4
温差,4
人座,4
鲜肉,4
网店,4
工薪,4
木耳,4
标语,4
一等奖,4
爱上你,4
积极性,4
流水落花,4
项目经理,4
三围,4
浪声,4
产地,4
玉,4
主义,4
加班加点,4
十块钱,4
脖子,4
黑们,4
闻元珠,4
水表,4
进口关税,4
柴油机,4
傻瓜,4
太多,4
双节棍,4
小刚,4
噪音控制,4
原件,4
竹炭,4
飞熊入梦,4
洋气,4
卡车,4
人力,4
拉一拉,4
先顶,4
镜子,4
马云家,4
销售主管,4
禹州,4
买传祺,4
外行,4
广禾,4
钱柜,4
离家,4
阿根,4
公道,4
榕树下,4
枕头,4
索道,4
票价,4
飞利浦,4
缺點,4
张家港,4
樓,4
手势,4
态度强硬,4
四爷,4
决策,4
牙膏,4
大头,4
灾难,4
前能,4
太费油,4
水龜,4
利率,4
柳州市,4
张家口,4
科鲁兹,4
指示灯,4
孙,4
分部,4
小意思,4
夜未央,4
长乐,4
华为,4
衬托,4
青口,4
晋城,4
红烧,4
六车,4
跑题,4
手剎,4
芯,4
车托会,4
资价,4
华麟,4
素,4
體會,4
液体,4
弧,4
灯带,4
黑車,4
大伯,4
词汇,4
对话,4
指针,4
国民,4
主贴,4
天上人间,4
实属,4
阻尼,4
四格,4
租车,4
南海,4
罚单,4
猴年马月,4
事例,4
万宁,4
沙發,4
画,4
新号,4
易拉罐,4
人員,4
音,4
算法,4
劣质,4
末代皇帝,4
图表,4
锂电池,4
國家,4
貸款,4
无疆,4
房車,4
企划,4
报纸,4
真坑,4
品牌效应,4
做车,4
往右边,4
優,4
国旗,4
实体店,4
和朗逸,4
作假,4
轨道,4
汽配,4
二等奖,4
魔眼,4
椒江,4
微调,4
编上,4
零头,4
车照,4
瓜子,4
透光率,4
技术支持,4
教程,4
谈何,4
机盖,4
宝搜,4
码时,4
叉,4
钟楼,4
东裕,4
抗战,4
无故,4
槟榔,4
电动门,4
捷隆,4
重要性,4
宋城,4
道奇,4
申请加入,4
风采,4
科技类,4
短点,4
容积,4
问世,4
低价位,4
马鞍山,4
大黑,4
干丝,4
技术含量,4
旧情,4
机舱,4
欧洲,4
拼音,4
忠告,4
塑胶,4
衣食父母,4
代金券,4
诸如,4
大陸,4
隐患,4
高昂,4
汉兰达,4
親身,4
动力性,4
駕車,4
小覃,4
情愿,4
钢材,4
支柱,4
控制器,4
劳动节,4
爆震,4
烟雾,4
新手机,4
六锅,4
浮冰,4
瞎眼,4
线束,4
江山,4
过目,4
仕,4
林可馨,4
军旗,4
秘籍,4
蛮,4
煙,4
肌肉,4
换部,4
巴东,4
卡槽,4
土鳖,4
分界,4
卫道,4
龙虾,4
原廠,4
跑啦,4
前悬架,4
安全感,4
标定,4
刚跑,4
左脚,4
天桥,4
朝鲜,4
大面积,4
梅林,4
龙少,4
衡山,4
演戏,4
阿莹,4
湖,4
攻击性,4
越界,4
总数,4
潜力,4
新建,4
曲风,4
市中心,4
太短,4
措施,4
路径,4
模板,4
前女友,4
汗,4
螺狮,4
神伤,4
拳头,4
六安,4
毛毛,4
百大,4
溫存,4
胎值,4
牌照税,4
狗眼,4
换灯,4
溫度,4
成龙,4
曙,4
效益,4
客家,4
生生,4
万幸,4
用电,4
曾经沧海,4
跳槽,4
变差,4
安阳,4
易损,4
歌曲名称,3
哈市,3
上海市委,3
金比,3
哥大,3
撸过,3
天异星,3
后雨,3
宝买,3
标上,3
布满,3
分区,3
马丁,3
工,3
东芝,3
意志,3
伯,3
双保险,3
空间感,3
乌鸦嘴,3
冒气,3
斐济,3
默契,3
国务院,3
上楼,3
蜘蛛,3
件套,3
产线,3
真人,3
宽数,3
身子,3
秋思,3
聚餐,3
劣势,3
加速度,3
广州市,3
馒头,3
射雕,3
偶,3
贱人,3
液面,3
高原,3
龙胜县,3
年薪,3
朋友家,3
弱小,3
观翼,3
漳州人,3
永远都是,3
個油,3
钱入,3
思域,3
太差,3
置物,3
玉风,3
口才,3
新大七,3
幻想,3
外贸,3
华南,3
订价,3
渣车,3
个把月,3
电子表,3
影相,3
王传福,3
紅色,3
右转,3
能顶,3
腦,3
销售商,3
方方面面,3
骂娘,3
灯具,3
文盲,3
先人,3
誤導人,3
人數,3
纯手工,3
酷太狼,3
速比,3
和訊,3
柏溪,3
龙河,3
岸木,3
不亲,3
胶味,3
背感,3
护罩,3
蒜味,3
太暗,3
夫妻关系,3
进店,3
烧高香,3
尺子,3
结识,3
太懒,3
每百,3
闲置,3
小萝卜,3
购买者,3
广告商,3
条贴,3
价让人,3
花园路,3
拉车,3
婆婆妈妈,3
必争,3
记是,3
离心力,3
京哈,3
热衷,3
国防部,3
大坡,3
小黄鱼,3
丑女,3
笨蛋,3
脸谱,3
弯路,3
轻卡,3
济南军区,3
布置,3
要价,3
氣,3
婊子,3
太准,3
小毛,3
伤痕,3
阁,3
奥德赛,3
手术,3
买途,3
丑死,3
高温假,3
软文,3
心里话,3
毛巾,3
火钳,3
山田,3
雷,3
高哈,3
汤,3
魏,3
布科,3
上海通用,3
档会,3
办事效率,3
河南省委,3
剧,3
北线,3
修路,3
大部,3
华系,3
吕,3
极光,3
伤车,3
别来爱,3
能带,3
贴金,3
格栅,3
滤清器,3
机头,3
主管,3
和田,3
托顶,3
米色,3
金鳞,3
红旗,3
转型,3
衣行,3
英雄汉,3
空车,3
名列,3
小石头,3
钟,3
个脑,3
赏花,3
重新考虑,3
官价,3
梁那,3
脚画,3
商人,3
条蛇,3
计油,3
魔,3
步提,3
符合标准,3
蝴蝶型,3
残女,3
上街,3
存量,3
综合性,3
过会,3
肇事车,3
摩托,3
东海舰队,3
罗湖,3
尸体,3
树叶,3
暴利,3
天子,3
散热器,3
玩吧,3
小漆,3
海鲜店,3
猛男,3
两口子,3
最高点,3
位車,3
挂链,3
停车费,3
牛叉,3
群里车,3
驻笔,3
青龙湖,3
帅哥美女,3
组件,3
报单,3
价格不菲,3
往右,3
冲程,3
考官,3
百科全书,3
用品店,3
眼缘,3
月光,3
额尔古纳,3
廈門大約,3
号线,3
托真,3
小S,3
剎車,3
传动系统,3
激将,3
自由舰,3
美女吧,3
行额,3
烤全羊,3
批量生产,3
烂路,3
分体式,3
地儿,3
房主,3
事物,3
车机,3
纳指,3
长点,3
規畫,3
云雀,3
詹杰,3
外资企业,3
老套,3
武汉市,3
手电筒,3
不语,3
钢琴,3
大赛,3
阿布辛,3
放点,3
中毒,3
霓虹,3
个途,3
行駛證,3
积蓄,3
新马,3
信部,3
旺仔,3
卵用,3
普普,3
纸糊车,3
妈呀,3
恶毒,3
修理费,3
触控式,3
最新进展,3
等件,3
正义,3
日资,3
磨具,3
班主,3
劉吉凱,3
信德,3
心病,3
机器猫,3
慎重考虑,3
纳智婕,3
收货,3
稻草,3
信誉,3
心歹,3
佳人,3
奔四,3
大雾,3
北海舰队,3
但凯,3
油油,3
张罗,3
硬,3
泡泡,3
小石子,3
罗密欧,3
宿,3
责,3
房车,3
牛贴,3
汽車業,3
狗崽,3
比较突出,3
寒心,3
保持良好,3
相配套,3
地名,3
白菜,3
遭报应,3
慧儿,3
成都军区,3
座舱,3
朱元璋,3
桔子,3
教材,3
流弊,3
根治,3
小巷,3
狗腿子,3
骨雄,3
小家子气,3
化学,3
小昂,3
本钱,3
安全器,3
阿杰,3
短信,3
拳手,3
洱海,3
订单式,3
QQ号,3
狂人,3
太仓,3
政府部门,3
報告,3
目击者,3
谢谢您,3
投诉无门,3
瞳,3
王朝,3
精髓,3
动用,3
割肉,3
希罕,3
钱少,3
全付,3
风范,3
麻,3
太湖,3
炮筒,3
安安全全,3
邮,3
工業,3
底盤,3
太少,3
关键词,3
棱角分明,3
阵子,3
先见,3
小眾,3
库尔勒,3
飛羚,3
底限,3
本地人,3
脱俗,3
插卡,3
中心线,3
比纯,3
极限速度,3
首,3
雄,3
神龙,3
安装费,3
兰州军区,3
俄木塘,3
矿物,3
名次,3
回音,3
腾飞,3
萧善忆,3
油用,3
西往东,3
廢話,3
成分,3
小树,3
老鄉,3
刻画,3
机智,3
分层,3
顺顺利利,3
重庆市委,3
礼券,3
乐章,3
飞机场,3
玩游戏,3
模特大赛,3
瑞鹰,3
发文,3
外觀,3
道口,3
北京军区,3
证件,3
降,3
地摊货,3
肩膀,3
顺风,3
水性漆,3
來面,3
粗粮,3
山间,3
千里马,3
闯一,3
胡艺莲,3
钢筋,3
汇京,3
海纳,3
江湖,3
残值,3
审美观,3
中国人民解放军,3
镀晶,3
发飙,3
富利卡,3
优粉,3
薪水,3
家长,3
黑手,3
麓,3
台面,3
声控,3
外国货,3
税务局,3
烧香,3
叶片,3
乐,3
港区,3
男爵,3
谭色,3
细算,3
电视广告,3
奥拓,3
旗号,3
洋,3
食物,3
小厂,3
水片,3
厕所,3
利德,3
价是,3
照明灯,3
易耗品,3
思念,3
巷,3
色拉油,3
表哥,3
交汇处,3
美系,3
玫瑰,3
湖滨,3
正点,3
立体感,3
信用,3
硬盘,3
卖价,3
和平村,3
以身相许,3
心虚,3
爱屋及乌,3
距離,3
晨曦,3
后来者,3
车黑蛮,3
邹城,3
发射器,3
电磁阀,3
白居易,3
微信,3
全线,3
大山,3
闕,3
国家森林公园,3
同鞋,3
琵琶,3
屋,3
顶灯,3
实店,3
欧尚,3
爬山,3
盲,3
中央军委,3
夢,3
博士,3
花滿樓,3
阻止不了,3
托太多,3
祝,3
女神,3
所在地,3
包牌价,3
鲁,3
影视,3
个车,3
頂級,3
卖国,3
书记,3
宝体,3
变车,3
南海舰队,3
师兄,3
红尘,3
神速,3
零配件,3
浴缸,3
林荫,3
辐式,3
钥匙扣,3
书生,3
学费,3
车刚,3
上坡路,3
外汇,3
检测费,3
排风扇,3
錯誤,3
被遗弃,3
研发部门,3
实在话,3
科帕,3
杂,3
总经理,3
轮缘,3
儀,3
沈阳军区,3
重大事故,3
冒险,3
古老,3
道道,3
旗航,3
才子,3
盘点,3
泥地,3
厂长,3
事太,3
照地,3
建群,3
公安部,3
强哥,3
供油,3
紫,3
本本,3
自我介绍,3
安倍,3
美人,3
拉面,3
水富,3
生鱼片,3
双鸭山,3
标点符号,3
新鲜空气,3
德尔福,3
微震,3
鸡动,3
半径,3
崇拜,3
大胆,3
爱面子,3
水溫,3
黑托,3
紫檀,3
世界市场,3
人造革,3
花都,3
噻,3
借车,3
狀態,3
宫殿,3
上海市,3
扫码,3
毛用,3
设,3
方圆,3
原车带,3
眼帘,3
买件,3
版能,3
奔驰车,3
小张,3
稳压,3
冷水,3
耳火,3
驻动灯,3
刷屏,3
管理权限,3
屈晓,3
绳子,3
银行卡,3
漠河,3
新提,3
定点,3
专,3
瓶颈,3
挫折,3
蝴蝶结,3
湖州,3
肉肉,3
霸氣,3
土豆丝,3
无匙,3
白脸,3
公交,3
版毛,3
永军,3
產生,3
店老板,3
小瑋,3
着魔,3
美少妇,3
线下,3
中环,3
真他妈,3
色盲,3
纠纷,3
凤舞,3
同学聚会,3
硬點,3
大餐,3
放炮,3
单方面,3
嫌,3
优们,3
色差,3
三大法宝,3
组组,3
坡塘山,3
海燕,3
小沟,3
破产倒闭,3
助阵,3
机械式,3
顏色,3
外界,3
地将,3
铱,3
轿厢,3
西子湖畔,3
亚洲,3
气体,3
轮廓,3
黄种人,3
灰黑色,3
路上车,3
致力于,3
形状,3
官方消息,3
美人归,3
沙石路,3
潜质,3
总量,3
架势,3
喇叭声,3
手柄,3
钓鱼岛,3
人物,3
包装袋,3
有神,3
历时,3
电视剧,3
俱乐部,3
衷心感谢,3
祖国大陆,3
边框,3
右,3
高高兴兴,3
来车,3
渣渣,3
东捷,3
美孚,3
地鼠,3
蛟,3
税款,3
急,3
标号,3
樣子,3
开单,3
航天,3
电机,3
蛋定,3
画质,3
家,3
河漂流,3
弱智,3
早茶,3
林立,3
漏洞,3
樱花,3
佼佼者,3
菜墩,3
小天,3
写文章,3
真情,3
四通,3
元芳,3
高风险,3
基建投资,3
火车站,3
请加群,3
过路,3
饭菜,3
共用,3
地沟油,3
崖石,3
靖江,3
手心,3
乙醇,3
短期内,3
黑鬼,3
心力,3
车蜡,3
同类,3
感性,3
发一组,3
柯兰,3
瑞纳,3
浪子,3
龍,3
实质性,3
永泰,3
这两项,3
份上,3
老衲,3
熙,3
冷却水,3
先锋,3
模特儿,3
形容词,3
尊贵型,3
裂痕,3
同价,3
珠三角,3
悍马,3
原帖,3
个咪,3
贱手,3
大案,3
仇视,3
火热,3
过家家,3
贵比,3
台妹,3
泥韵,3
油渍,3
翩翩,3
短裙,3
保姆,3
带线,3
分类,3
工作量,3
店员,3
酒泉卫星发射中心,3
蜂鸣器,3
云南旅游,3
期限,3
浮华,3
狸,3
莫尔道嘎镇,3
码力,3
牧马人,3
暗扣,3
喽,3
胆子,3
叶仲录,3
积碳,3
智命,3
物贸,3
海沧,3
氧气,3
准点,3
杭马,3
吉祥,3
一家子,3
性感照,3
专卖店,3
弊,3
米粒,3
车手,3
水子,3
諧,3
保修期,3
同型号,3
襄樊,3
进程,3
试乘试驾,3
南站,3
董事会,3
死心,3
快活林,3
商业化,3
房价,3
菟籽,3
紙,3
收件,3
异物,3
中国银行,3
摄氏度,3
軒飛,3
倒车灯,3
太狼,3
安徽省委,3
秀气,3
干的事,3
发酸,3
欧德,3
语言表达,3
剑光,3
脚丫,3
航母,3
举例,3
宝贵,3
华硕,3
正中间,3
录音笔,3
定額,3
秩序,3
技師,3
真格的,3
诺基亚,3
设施,3
军费,3
豐田,3
帘布,3
旗云,3
衡水,3
认祖归宗,3
销售额,3
結盟,3
软妹,3
恒温,3
司乘,3
心血,3
乡镇,3
放顶,3
办点,3
嘴皮,3
责任感,3
跨省,3
床上,3
大宇,3
纳友,3
拿菲翔,3
更让人,3
大白天,3
中空,3
有辆,3
宋凯,3
民价,3
野岭,3
苍天,3
军哥,3
估价,3
外檀,3
泪雨,3
白板,3
金白银,3
神偷,3
蓝天使,3
奏响,3
波箱,3
天坛,3
邹,3
我定,3
现大洋,3
长得帅,3
扁平,3
星辰,3
小百荷,3
弦律,3
排气口,3
小弟弟,3
白萝卜,3
介面,3
桑拿,3
次油,3
日貨,3
水头,3
蛇王,3
表弟,3
群体,3
甘肃,3
唐老鸭,3
满座,3
文昌,3
品位,3
肉身,3
狮,3
荣膺,3
粪,3
爱新觉罗,3
王英,3
群能,3
大間,3
多险,3
斗笠,3
车拖贴,3
发力,3
餅,3
名爵,3
公务人员,3
绕城,3
行李箱,3
风区,3
脑门,3
环岛,3
小钱,3
黑人,3
后桥,3
变质,3
金猪,3
保温杯,3
小生意,3
贵族,3
玩,3
祁东,3
古董,3
旁观者,3
买票,3
离车,3
支撑杆,3
奥体,3
鲁兹,3
孩,3
苍蝇,3
鸣笛,3
底价,3
情绪稳定,3
电影票,3
外装,3
漓江,3
阿灿,3
区段,3
换油,3
优略,3
急头,3
压金,3
干,3
布鲁斯,3
细节决定,3
春风,3
胶皮,3
尘缘,3
技术员,3
文艺,3
李宁牌,3
雨林,3
大闸蟹,3
名头,3
狮子王,3
主因,3
相貌,3
阳阳,3
正义感,3
永胜,3
感言,3
云端,3
火豹,3
竹海,3
标尺,3
高脚,3
晚餐,3
右轮,3
会试,3
商业保险,3
零利率,3
里小,3
技术性,3
灯店,3
周杰,3
轩,3
小声,3
八格,3
眼型,3
贝,3
牧人,3
脚尖,3
螺纹,3
土包子,3
维修费,3
建筑物,3
货色,3
钢,3
宝上,3
口舌,3
载重汽车,3
指名道姓,3
貼膜,3
當鍵,3
民用,3
个别现象,3
雨刷片,3
年齡,3
新乡,3
前途,3
青浦,3
梁都,3
英语,3
常备,3
北路,3
草海,3
昊龙,3
品牌优势,3
无缘,3
纤,3
传闻,3
白干,3
个队,3
益达,3
钛合金,3
雨小,3
车距,3
山东省委,3
网点,3
屯,3
王某,3
子女,3
留点,3
香港特别行政区,3
虾米,3
运动性,3
香味,3
店贴,3
辽宁省,3
见面,3
光灯,3
宴,3
三毛,3
繁体中文,3
使劲儿,3
来点,3
深,3
个蛋,3
别墅,3
车名,3
站台,3
标杆,3
红萝卜,3
卡内,3
换新,3
黄牛,3
个票,3
番禺,3
关键点,3
云南昆明,3
小杨,3
方晶,3
入市,3
烧包,3
油管,3
开腔,3
半车,3
三鹿,3
價值,3
内纳丝,3
钢圈,3
橙子,3
景象,3
陆军,3
口子,3
体育场,3
封顶,3
专程,3
石破惊,3
华智,3
对讲机,3
小件,3
熟能生巧,3
下油,3
排线,3
香子,3
文明礼貌,3
楼数,3
高空,3
松江,3
花俏,3
廠,3
广州军区,3
保单,3
模样,3
大龙,3
谎言,3
胡,3
塞车,3
教授,3
夜气,3
红领巾,3
首付款,3
石迪生,3
雷同,3
延时,3
自娱自乐,3
产奶,3
情茧,3
垫底,3
大梁,3
大巴,3
南安,3
领钱,3
仙人洞,3
中原,3
三山五岳,3
茧,3
半途,3
合力,3
涛,3
夜行,3
道教,3
原野,3
整糖,3
插槽,3
售服,3
市場,3
行货,3
本坛,3
高明,3
哲,3
车高才,3
益达君,3
爺告,3
東怪,3
雪弗兰,3
大俠,3
导后,3
行李厢,3
大姨子,3
置顶帖,3
公安,3
音乐声,3
噩耗,3
杂质,3
李先生,3
卵事,3
能耗,3
白手起家,3
有心人,3
别理,3
裸车,3
苏杭,3
黄土,3
文被,3
本论坛,3
名词,3
蛇路,3
人渣,3
塑料膜,3
思维,3
铁片,3
安徽省,3
沥青,3
园,3
由北向南,3
复原,3
有益,3
象山,3
子板,3
清远市,3
針對性,3
剎车,3
边,3
比西子,3
个餐,3
百科,3
油污,3
电工,3
南京军区,3
中控锁,3
和锐腾,3
北京市委,3
意愿,3
回笼觉,3
能干,3
大牌,3
罐子,3
全國大會,3
间隔,3
麻线,3
前段,3
偏黄,3
大东海,3
读者,3
交警队,3
保險,3
二郎腿,3
恶果,3
性能参数,3
游离,3
拖泥带水,3
定期检查,3
雨滴,3
流氓,3
贺龙,3
澳大利亚,3
东瀛,3
轱辘,3
小某,3
師,3
岳父,3
拉丁字母,3
华丰,3
通讯,3
車比納,3
金是,3
颗粒,3
比纳,3
来发发,3
入库,3
风行,3
布线,3
古典,3
带回去,3
刺耳,3
爱晖,3
交流平台,3
心意,3
驴粪蛋,3
满车,3
狂顶,3
易强,3
体积,3
内六角,3
酒肉,3
永州,3
风骚,3
战车,3
沙滩,3
总司令,3
阿姨,3
可靠性,3
当事人,3
导航仪,3
质问,3
余力,3
陷阱,3
大戰,3
尚需,3
浅色,3
套路,3
手省,3
个儿,3
李沐子晴,3
假装,3
关尾门,3
败俗,3
甲,3
亲子,3
用,3
洋人,3
知情者,3
神人,3
浮叶,3
水货,3
承受能力,3
刮点,3
消极,3
剧情,3
新聞,3
同胞们,3
周边旅游,3
地段,3
前桥,3
板子,3
昵称,3
翼虎,3
土石方,3
太阳膜,3
村,3
弱点,3
肖小灿,3
黑内,3
走形,3
腹,3
合胃口,3
野,3
人车,3
五东,3
闪闪发光,3
轻松自如,3
个尾门,3
流鼻血,3
便利性,3
虾子,3
马甲,3
宋智孝,3
學車,3
液晶屏,3
电源线,3
传授,3
房费,3
梨山,3
拖鞋,3
我弟,3
建筑,3
情感,3
跳楼价,3
通话,3
故求,3
客栈,3
顶点,3
背椅,3
河北省委,3
副帅,3
尾款,3
小人,3
朝廷,3
年性,3
澳门特别行政区,3
經驗,3
灯光效果,3
年份,3
枪手,3
赤峰,3
醚,3
感應器,3
狂吠,3
度假村,3
阵营,3
周转,3
金华,3
清雨,3
总理,3
黄鹏,3
雨水,3
二炮,3
泪人儿,3
手缝,3
要顶,3
景程,3
价格优势,3
痞神,3
金和,3
想象力,3
国共合作,3
输出功率,3
雷朋,3
海味,3
性能优越,3
斗气,3
三亚市,3
驾驶证,3
市桥,3
护甲,3
台数,3
充电器,3
衣裳,3
普通人,3
赞美,3
车托干,3
昌,3
荣耀,3
天津市委,3
前程,3
淡,3
醬子,3
直径,3
雨伞,3
底,3
粉笔,3
个标,3
讲价,3
工作效率,3
写什,3
扣子,3
东辉,3
切线,3
合金,3
原由,3
花生油,3
河北人,3
单调,3
中丐,3
汉字,3
主题公园,3
全文,3
问个问题,3
平衡点,3
烟花,3
著名景点,3
终结者,3
猪肠,3
公共利益,3
压缩比,3
望小邓,3
报音,3
嘉宾,3
贴画,3
骆驼,3
天山,3
问异,3
助威,3
鞋,3
店子,3
嘴脸,3
黄纸,3
物,3
老爷车,3
广告语,3
视屏,3
株洲,3
成车,3
合肥市,3
新科,3
亲友,3
保温,3
早餐,3
后尘,3
刚贴,3
分店,3
八毛,3
箱尾门,3
无人,3
挡位,3
小憩,3
纳志杰,3
溫器,3
全亮,3
国税,3
饮,3
頭腦,3
十字,3
重工业,3
刘唐,3
墙,3
故障率,3
结局,3
习,3
抵抗力,3
悲情,3
总厂,3
小异,3
舒服些,3
厂区,3
印子,3
不费油,3
和逍客,3
寻新欢,3
规范,3
重贴,3
山水,3
樣本,3
翼博,3
作者,3
乘车,3
米处,2
向群,2
顺林,2
端,2
野餐,2
妞,2
案件,2
开尾箱,2
妹是,2
车尾灯,2
拉达,2
半包围,2
倭寇,2
防弹衣,2
渡金,2
驾驶席,2
观光旅游,2
議題,2
来日方长,2
格太高,2
篮球鞋,2
折寿,2
储存罐,2
巴掌,2
儿戏,2
坐板凳,2
宝淘,2
大方向,2
头绪,2
拿车,2
亲戚家,2
琵,2
系皮,2
秘诀,2
费心,2
马英九,2
特等奖,2
圈钱,2
客户服务,2
烟波,2
新宝来,2
残次品,2
笑点,2
高度集中,2
镀上,2
磨车,2
时段,2
守护者,2
臭味,2
沟沟坎坎,2
变样,2
老本,2
牛津,2
实质,2
祝您,2
系標,2
頭段,2
太拉风,2
東之捷,2
残疾,2
托点,2
法定,2
洗洁精,2
节,2
一手交钱,2
昆虫,2
太难,2
要素,2
鸡头,2
水车,2
車種,2
本菇,2
零落,2
石志杰,2
块儿,2
恩施,2
邓群炎,2
两家子,2
竞争能力,2
模塊,2
时尚性,2
悬崖,2
治安员,2
泉哥,2
铁定,2
立贴,2
舊款,2
泪眼,2
巨量,2
钛,2
坏处,2
文涛,2
顺祝,2
伎,2
小孙孙,2
档案,2
顾惜,2
垫回来,2
漏电,2
舒适型,2
汽缸,2
装璜,2
个贴,2
光棍节,2
黄某东,2
载物,2
日记,2
福建厦门,2
将本,2
黑成,2
老宝主,2
价格牌,2
空气质量,2
容器,2
特别强调,2
鼠,2
民进党,2
秀,2
业,2
雷德,2
机身,2
李白,2
温员论,2
实景,2
通篇,2
警报灯,2
玛,2
手指甲,2
总裁,2
认同度,2
光度,2
铸铁,2
主們,2
小口,2
小孔,2
新削客,2
針織,2
硬币,2
还没我的,2
先提,2
底盤護甲,2
数目,2
全平,2
较长时间,2
時會,2
根源,2
源泉,2
乔布斯,2
巴,2
等会儿,2
串聯,2
智宗,2
光剂,2
咖啡屋,2
滨河,2
心慌慌,2
驾,2
火柴,2
鳄,2
医治,2
滚轴,2
傻眼,2
小砖,2
喇叭线,2
波仔,2
花生,2
朔料,2
粉末,2
北辰,2
酒杯,2
标记,2
预感,2
承诺书,2
成泥,2
一手交货,2
供俩,2
美来,2
音乐库,2
单点,2
頻,2
含税,2
罗阳,2
存点,2
动弹,2
懒虫,2
藻,2
胶条,2
朋友圈,2
花伊自,2
黄金地段,2
财,2
成勒,2
维修工,2
乱子,2
拉花太,2
天呐,2
财产,2
塞弗,2
实用主义,2
六盘水,2
蜡才,2
肩负,2
港湾,2
国有企业,2
检验费,2
车升窗,2
杨哥,2
绒,2
耗电量,2
森林,2
华智定,2
弊端,2
概论,2
芽,2
伤神,2
养路费,2
几脚,2
機技術,2
碴,2
豆腐,2
评网,2
刘米,2
热度,2
巨变,2
过户,2
遭人,2
偏右,2
题词,2
巅峰,2
街道,2
债务,2
个位,2
新动力,2
达成协议,2
困局,2
雷鹏,2
物业,2
胆,2
天勤,2
词典,2
问同求,2
撸了,2
大卸八块,2
隊伍,2
热身,2
熱血,2
金立,2
马马虎虎,2
问车,2
太婆,2
水千江,2
创车,2
全中國,2
巷子,2
仁义,2
勾勒,2
腰部,2
白提车,2
太闲,2
油是,2
山东省,2
谢,2
电路图,2
爱国人士,2
咖啡色,2
小镇,2
罗娅,2
同龄,2
鸢,2
記錄器,2
济公,2
县级市,2
新一波,2
正文,2
电尾门,2
小坎,2
唐城,2
花花,2
娃子,2
包茂,2
裕民,2
个响法,2
前线,2
个体,2
地级市,2
前灯,2
监督管理,2
張,2
立柱,2
纳之,2
藍色,2
炕,2
天荒坪,2
概率,2
日本鬼子,2
失靈,2
回力,2
字字珠玑,2
尾声,2
赛区,2
布加迪,2
葵涌,2
大哈雷,2
實,2
特拉斯,2
刚中森,2
小店,2
深有体会,2
金堤,2
学霸,2
工夫,2
路盲,2
父亲节,2
壳牌,2
图红,2
志俊,2
赢点,2
悬念,2
美安,2
苍山,2
維權,2
温禄嘉,2
臭手,2
镀金,2
龙江,2
轮圈,2
西环,2
声韵,2
龟速,2
房屋,2
節因,2
奖项,2
年头,2
纳店,2
唐葭胤,2
价为,2
鬼话,2
警报声,2
参照物,2
邻,2
真帅,2
深情,2
外衣,2
拖时间,2
乡道,2
哈工大,2
訂價,2
表姐,2
流流,2
仙女,2
修正,2
下结论,2
人头,2
雪迹,2
機是,2
温饱,2
信口开河,2
时异,2
大舅,2
清空,2
鼎,2
短裤,2
拓普康,2
总群,2
公关能力,2
开发票,2
倒霉鬼,2
智感,2
门能,2
高通,2
付鸟,2
天黑,2
速锐,2
杭州市区,2
勿念,2
支持者,2
壓桿,2
財是,2
唐山人,2
多心,2
轴门,2
臭臭,2
周董,2
傻瓜版,2
川藏线,2
煎蛋,2
市场推广,2
伊之,2
脑盲,2
工時,2
财务部,2
密封胶,2
设想,2
能耐,2
野地,2
馬甲,2
垢,2
慢车,2
轴聚,2
胖爸,2
時機,2
续航,2
赵云,2
師傅,2
念鹏,2
甜,2
环线,2
起因,2
少侠,2
歹徒,2
单厢,2
位操作,2
夹心,2
瘦子,2
立论,2
萨,2
魂魄,2
进群,2
白搭,2
长沙人,2
權利,2
乱流,2
负担重,2
纳多,2
兵马俑,2
碎冰,2
雷峰塔,2
财务,2
湿滑路,2
戒戒,2
历害,2
造势,2
成都旅游,2
江西省,2
步,2
普力马,2
女经理,2
廠能,2
海關稅,2
轻音乐,2
流点,2
庫存,2
问天猫,2
红绿,2
隐情,2
走捷径,2
钱能,2
招宝,2
市场需求,2
西藏自治区,2
功底,2
万略,2
綠色區,2
天葬,2
住,2
舊文,2
奥体中心,2
晚定,2
礼盒,2
方句,2
成德南,2
木人,2
许盼辉,2
乡野,2
高区,2
公,2
达达,2
内柿,2
狮子头,2
断根,2
蒙蒙,2
南,2
双涡轮,2
新星,2
车论,2
朝后,2
无底洞,2
换凯,2
索八,2
摇臂,2
征程,2
个置,2
发热量,2
紫云,2
好争,2
樟子松,2
邓普录,2
制度,2
成品率,2
智遵,2
斯巴鲁,2
亲亲,2
护理学,2
魅小,2
帕,2
华夏,2
护杠,2
扳手,2
昆石,2
那丽,2
前台,2
旋律,2
天小,2
前人,2
阿弥陀佛,2
大虾,2
休息室,2
陈文忠,2
开了个,2
會理,2
潇兰,2
速度慢,2
交通阻塞,2
肝吸虫,2
网易,2
车图,2
半轴,2
记号,2
八卦,2
神厂,2
筐,2
抗日,2
徐闻,2
无沟,2
侧位,2
换大,2
先例,2
商包,2
圣山,2
编,2
司令,2
馆定,2
无趣,2
隐性,2
护肤品,2
绣花,2
部长,2
台湾汽车,2
龙翔桥,2
小保,2
備胎,2
水道,2
赏车,2
喷光,2
半价,2
又称,2
秀尔,2
拿定主意,2
问用,2
宝上淘,2
公安局,2
好身材,2
明降暗升,2
海水,2
巩义,2
黄片,2
環境,2
富广,2
车匙,2
男士,2
红乐,2
整车厂,2
小蒙蒙,2
重手,2
核定,2
丹东,2
不太熟悉,2
台联党,2
风生水,2
试目,2
车需,2
官报,2
數據,2
組團,2
时尚科技,2
大力士,2
急刹,2
梁贵,2
江河,2
苹果机,2
坏球,2
小学老师,2
丨爺們,2
匙吗,2
质朴,2
锣丝,2
军区,2
双休,2
联合开发,2
級別,2
文使,2
压仪,2
内饰件,2
一碟,2
星星,2
不留情,2
互頂,2
仇,2
后拔,2
人造,2
榜,2
专心,2
肇事者,2
新贴,2
猎,2
先驱,2
恶气,2
净水器,2
马上会,2
水雾,2
泡沫塑料,2
摇控器,2
杂种,2
湖南省委,2
拖刹,2
新能源,2
倒数,2
方向机,2
绿洲,2
砚平,2
菠萝蜜,2
公益,2
变态,2
转角,2
玉兔,2
现代感,2
闪灯,2
面纱,2
水浅,2
堡,2
古文,2
摩羯座,2
柴火,2
关车,2
匹,2
补点,2
下功夫,2
讲话,2
试音,2
高林,2
彤,2
燕窝,2
敢,2
都市,2
行车线,2
宁夏回族自治区,2
别瞎,2
临睡前,2
首保才,2
覃,2
纪录,2
豪車,2
外挂,2
一族,2
可视性,2
釉,2
歷史,2
原以为,2
计胎,2
劲敌,2
手气,2
團,2
恩哈,2
黄有蓝,2
平价,2
能见度,2
灵石,2
降太,2
银行贷款,2
水帖,2
转速表,2
气候,2
唐诗宋词,2
数码,2
蓝瑟,2
比小六,2
合理化,2
维度,2
沙坪,2
人理,2
青云山,2
敬畏,2
过学,2
童话,2
三系,2
烛,2
白炮,2
耳兽,2
财叔,2
发件,2
过线,2
大润发,2
解压缩,2
钙片,2
炫四驱,2
官话,2
国通,2
背靠背,2
货后,2
官,2
待速,2
死,2
全记录,2
个数,2
网痞,2
丫丫,2
燃火,2
闯红灯,2
一段距离,2
揭碑,2
工作失误,2
荣登,2
开山祖师,2
品牌手机,2
對,2
乐山,2
手写输入,2
底身,2
雨淋,2
合情合法,2
福建省委,2
降息,2
全场,2
散步,2
大国,2
南百,2
檀挺,2
储罐,2
档贴,2
海洋馆,2
多角度,2
气门嘴,2
冠軍,2
國,2
措感,2
皮是,2
鋼材,2
红灯笼,2
份额,2
确保安全,2
冷言,2
西双版纳,2
中心地段,2
臂式,2
凉水,2
尤里安,2
滴,2
科幻,2
深加工,2
个体户,2
讲堂,2
鋼性,2
小城,2
裤裆,2
高逼格,2
气死人,2
白沙州,2
大帅,2
防尘套,2
上周日,2
对牛弹琴,2
首业,2
越南,2
年销量,2
流泪,2
男性,2
经商,2
税能,2
本田雅阁,2
站点,2
过命,2
常,2
陕西省委,2
取得联系,2
剪刀,2
选者,2
拉人,2
商贾,2
任先,2
信仰,2
魑魅,2
兴业银行,2
双安,2
伟业,2
手车,2
中段,2
数值,2
燃油泵,2
盒里,2
姗,2
何凯敏,2
言論,2
产才,2
市场占有率,2
败类,2
罪过,2
病根,2
帕杰罗,2
错别字,2
碎玻璃,2
人品问题,2
真空,2
假膜,2
蒙牛,2
样样,2
天能,2
清洗机,2
吸睛,2
礼仪,2
阿尼陀佛,2
约战,2
高质量,2
瓦,2
中文歌曲,2
陈旧,2
鎯崇潃杞,2
隔离墩,2
圈糖,2
問何誤,2
雪顶,2
群號,2
刁刁,2
西夏,2
车盲,2
排风,2
换雷,2
效应,2
出品,2
千金,2
钟落潭,2
下湾湾,2
垫板,2
老二,2
用惯,2
用色,2
大雁,2
莹,2
阿山,2
背心,2
衝量,2
石锁,2
涂抹,2
法制,2
大度,2
英文字母,2
胯骨,2
车爽太,2
中日关系,2
梁式后,2
焊接设备,2
旗,2
榜样,2
黑內,2
新品,2
天良,2
北京吉普,2
梧州,2
时效性,2
态,2
和智尊,2
沙特,2
德玛,2
冰王子,2
码手,2
市场价,2
田馥甄,2
网络界,2
樂阿,2
小俊,2
马牌,2
商说,2
娼妇,2
走位,2
婚纱照,2
棉签,2
一览,2
深山,2
巨头,2
日本产,2
制车,2
正值,2
凌厉,2
寿司,2
差價,2
净利润,2
外在美,2
潜艇,2
塔塔,2
笔画,2
中春路,2
限时,2
达人,2
龙桥,2
启程,2
驴肉,2
征兆,2
定速,2
北海,2
岭,2
涨,2
老和尚,2
抓地,2
眼花,2
狗托,2
丽,2
新片,2
展馆,2
内地版,2
和菲翔,2
广发,2
人工费,2
通行费,2
机仓,2
实况,2
体型,2
驾驶舱,2
断点,2
屏膜,2
蓝带,2
车霸,2
竞技,2
福美来,2
车托是,2
纽约,2
贡嘎,2
真雪,2
辽宁省委,2
谣传,2
陡坡,2
太阳能,2
亲属,2
杭二州,2
丁丁,2
异音,2
转帖,2
幕浦,2
車重,2
左手边,2
谎,2
小蛮,2
兴光,2
电话录音,2
交情,2
登峰造极,2
红圈,2
迷们,2
功能键,2
饰件,2
禮,2
红地毯,2
鑰,2
航拍,2
俚糊,2
路海华,2
出众,2
情谊,2
长长,2
虚空,2
制造厂,2
记念,2
合約,2
细粮,2
於纳,2
工商部门,2
比较严重,2
马奔腾,2
车票,2
卡装,2
阳台,2
资,2
消费群,2
定向,2
林哥,2
选辆,2
徐闻县,2
严宝平,2
泡坛子,2
泰宁,2
狗狗,2
飞鸿,2
小盒子,2
错感,2
井口,2
经常性,2
侧灯,2
線路,2
颗星,2
电笔,2
肥仔,2
诗图,2
表示遗憾,2
杂牌,2
倍感,2
全金属,2
白话,2
膝关节,2
纪念塔,2
阿松,2
院子,2
傳統,2
興趣,2
太台,2
清洗液,2
凌,2
表板,2
过干瘾,2
风华,2
轻型车,2
菱帅,2
梵音,2
芬朗,2
规章,2
骑车,2
員工,2
脏活,2
冷凝器,2
大礼,2
历程,2
略逊,2
鰭,2
财经,2
男童,2
共同点,2
二本,2
哑巴亏,2
价税,2
坎子,2
技工,2
思是,2
洞房,2
机型,2
浑身,2
广汽日野,2
蒙迪,2
风俗,2
出勤率,2
下海,2
财政管理,2
互联网,2
等系,2
电气,2
嘉兴,2
顶一顶,2
营养,2
老娘,2
郑州市,2
风痕,2
总统套房,2
交吧,2
相匹配,2
地贵,2
称兄道弟,2
屋顶,2
纪鹏,2
太平,2
凌度,2
松茂,2
配车,2
地堆,2
赛事,2
松口,2
制造业,2
太和,2
文昌市,2
二氧化碳,2
中央电视台,2
杰通,2
渣中,2
天箭,2
钓鱼,2
老耿,2
怕老婆,2
幻,2
装具,2
阿逸,2
霧,2
上饶,2
沙粒,2
沙灘,2
亭亭,2
环境影响,2
有志于,2
高负荷,2
湖北省委,2
耗时,2
格能,2
蚂蚁,2
台大,2
北极,2
汉堡,2
瘾,2
前后门,2
加工厂,2
涂鸦,2
黄,2
血流,2
江西省委,2
有份,2
晓少爺,2
撸,2
蓝芽,2
杰伦,2
得勢,2
石块,2
老道,2
动脑,2
泡汤,2
钱寄,2
交通管理,2
大辞典,2
框,2
母廠,2
全称,2
凯迪拉克,2
幼儿园,2
跨度,2
丘陵,2
空城,2
泽锴,2
安义,2
雪国贝贝,2
手术费,2
铠甲,2
柱會,2
情人节,2
壓閥,2
太浅,2
党党,2
边路,2
平顶山,2
莫大,2
起点,2
订货,2
記本,2
川军,2
彝族,2
韵,2
保桿,2
階手,2
健,2
邮箱地址,2
代表性,2
长式,2
糠,2
车棚,2
绒质,2
芦苇,2
新台币,2
脸色,2
幼小,2
油站,2
智能化,2
海狼,2
小鬼子,2
脑子里,2
执政党,2
保險費,2
电加热,2
广角,2
榔头,2
绒布,2
绵阳,2
头牛,2
坐飞机,2
西岗区,2
车库里,2
异曲同工,2
車主說,2
铝面,2
推卸责任,2
搓麻,2
尿水,2
净身,2
赛,2
江苏省委,2
爆缸,2
手样,2
暴奸,2
檔視線,2
桥栏,2
心气儿,2
境况,2
观音,2
高亮度,2
透点,2
张网,2
后劲,2
责任心,2
胸器,2
辊轮,2
主所,2
倾斜度,2
法子,2
汽车网,2
清仓,2
大暑,2
公司员工,2
滴血,2
私房钱,2
戴眼镜,2
市价,2
部車,2
道线,2
开远,2
突发事件,2
以工信部,2
音乐格式,2
钱花,2
混迹,2
上门,2
战书,2
半袖,2
红花,2
人口,2
小飞,2
卡拿,2
神贴,2
底图,2
亚瑟,2
有志气,2
伙,2
插曲,2
重头戏,2
蝶,2
爪,2
链锁,2
大婶,2
铁哥们,2
花車,2
使用率,2
成准,2
秦巴,2
上宁,2
草乐,2
透明胶,2
小学文化,2
目標,2
逗号,2
月定,2
能源,2
压线,2
自顶,2
头衔,2
美照哈,2
抗日战争,2
产品链,2
館會,2
灰太狼,2
手拔,2
米左右,2
涧,2
会理,2
人生路,2
邹勇,2
理想化,2
后台,2
郎,2
小萌,2
纠葛,2
电话号码,2
分类整理,2
年青,2
红丝,2
型车,2
细化,2
轻量化,2
汤饭,2
量力,2
毛哥,2
花心,2
强国,2
歌声,2
一票制,2
队长,2
炖鸡,2
新旧,2
鹰眼,2
桥墩,2
爱水野,2
餐馆,2
前沿阵地,2
王经理,2
量量,2
大事儿,2
臀肥,2
假车,2
龙井茶,2
分子,2
无人驾驶,2
委托,2
翅膀,2
魔神,2
命令,2
射灯,2
彩票,2
阿铭,2
规则,2
得罪人,2
单手,2
丝,2
亲民党,2
良辰,2
太家,2
科技版,2
新民,2
替代,2
销售店,2
董事,2
绿葱坡,2
现形,2
愛阿布,2
进村,2
文筆,2
賓利,2
车放,2
阿鹏,2
天拿证,2
朝,2
青梅竹马,2
河南人,2
油加,2
捷度,2
田村,2
强劲有力,2
旁观,2
另一帖,2
煤粉,2
家境,2
刘总,2
草率,2
练武术,2
问鼎,2
长路,2
卡钳,2
欧文,2
邪门,2
泊车,2
光彩,2
飞阳,2
虚位,2
户籍,2
阿们,2
繁星,2
网网,2
小妞,2
白皙,2
零陆,2
个险,2
凌志,2
塞满,2
幫川,2
本业,2
小女巫,2
杀菌,2
新潮,2
阴,2
代金,2
菊,2
来亲,2
红军,2
电子书,2
岑筋,2
职工,2
音响设备,2
盒垫,2
速派,2
子能,2
苦心,2
多花钱,2
制动器,2
老爷爷,2
店址,2
顶文,2
钢粱,2
潜意识,2
父女关系,2
沐浴露,2
最帅,2
羊毛,2
爷贝,2
大雁塔,2
漫水,2
皮裤,2
瑞宝,2
骊哥,2
会儿,2
倒胃口,2
如琴湖,2
广东省委,2
硬生生,2
锂电,2
关个门,2
朋,2
冷雨夜,2
和平,2
环境保护,2
冷空气,2
板金,2
甘子,2
沿海地区,2
安庆人,2
阿尔山,2
瑟岚,2
白白嫩,2
垃之圾,2
手提,2
尚感,2
音乐手机,2
配置图,2
南清园,2
脚本,2
功用,2
车轻,2
青島,2
光泽,2
分段,2
选择权,2
松口气,2
吐豪,2
税费,2
英雄城,2
转接器,2
认定书,2
板用,2
荣幸,2
阿斯顿,2
素年,2
哥加,2
内陆,2
管理权,2
網站,2
观影,2
广砚,2
内情,2
大鹏湾,2
傻,2
私心,2
新房,2
工程车,2
减速慢行,2
兴坪,2
车轮下,2
龙晖,2
系粉,2
主干道,2
个托,2
决定性,2
高声,2
热血,2
压扁,2
诚招,2
金秋,2
維權帖,2
镇平,2
江宁,2
感角,2
花冠,2
价哥,2
硬点,2
廳,2
银灰,2
于川,2
航版,2
心安,2
梅家坞,2
车品,2
浙江省委,2
線,2
鱼类,2
崽哥,2
交提车,2
骨,2
姐们,2
提滴,2
压缩空气,2
螺蛳,2
风口,2
斗斗嘴,2
鞍山,2
风味,2
蜀龙路,2
進階版,2
电站,2
花枪,2
北漂,2
家族式,2
痣,2
太监,2
良机,2
琐事,2
車迷,2
抒情,2
特技,2
声气,2
巨坑,2
铁栅栏,2
钱财,2
路子,2
梦影,2
综合体,2
苏伊裕,2
潘,2
饰条,2
双流,2
杆秤,2
手慢,2
浮水印,2
和圆智,2
单院,2
商议,2
深海,2
千江,2
蠢货,2
节奏感,2
赞誉,2
威高,2
论调,2
小仔,2
从高雄,2
油水,2
霸武,2
北京电视台,2
上昂,2
肖客,2
左前方,2
车讯,2
宫崎骏,2
车遂,2
打麻将,2
車標,2
豆腐渣,2
接收端,2
有害物质,2
指头,2
忠,2
光亮度,2
杂货,2
单数,2
安全套,2
峨眉山,2
续保,2
处理工艺,2
压跟,2
用词,2
路名,2
伯伯,2
迷路,2
财力,2
象牙,2
水浸,2
老帕主,2
会展中心,2
端庄,2
小炫丽,2
老馬,2
粥,2
亚军,2
海滩,2
汤伯吉,2
豪气,2
维修点,2
结合部,2
气球,2
伞,2
尺度,2
羔羊皮,2
刘生,2
系車,2
买瑞虎,2
價差,2
展区,2
登登,2
武术,2
直角,2
別理,2
空隙,2
喀什,2
咸淡,2
冰雪,2
工程部,2
麻木,2
褐色,2
断路,2
锁孔,2
外款,2
智力,2
滋滋,2
凤尾,2
经验值,2
消痛,2
吉林省,2
同伙,2
光环,2
梁后,2
小系,2
努力提高,2
专项,2
南山路,2
铝制,2
硬汉,2
钦州,2
旅店,2
車身,2
机电,2
轎車,2
风牛,2
狼友,2
轮弧,2
澳门,2
群里叶,2
浙江人,2
个裢,2
油枪,2
血路,2
发个贴,2
平锁,2
四川省委,2
车店,2
天下人,2
倍儿,2
个巴子,2
梅花,2
中年人,2
切换键,2
资金紧张,2
室内空气,2
咖,2
底盤油,2
宣傳何,2
江阴人,2
内蒙古自治区,2
百姓,2
链,2
游,2
高階,2
科雷傲,2
傳奇,2
菩萨,2
群帖,2
政市,2
早晚都会,2
纳智,2
定價,2
骑驴,2
鲍翅月,2
呼和浩特,2
小两口,2
感人,2
老桑,2
嘉,2
草草,2
儿滴,2
畫面,2
买普桑,2
月入,2
控屏,2
应片,2
强贴,2
润昌,2
正下方,2
成群,2
丈母娘,2
天太,2
谦,2
放正,2
判断力,2
主管部门,2
地黑,2
舟,2
手推车,2
刮花,2
侧板,2
电视节目,2
镜头感,2
问小,2
变相,2
闽,2
上镜,2
棺材,2
机能,2
午休,2
聊,2
青春年华,2
股权,2
超鸡,2
奥,2
心存,2
隆星,2
家居服,2
车蛮,2
珍珠项链,2
北沟,2
盘山路,2
良人,2
小弧,2
旺夫,2
队友,2
能报,2
电动车窗,2
白开水,2
王小姐,2
吉时,2
官司,2
番禺区,2
桂林市,2
坐镇,2
小纯,2
车毅,2
厢车,2
耗子,2
公主,2
一气,2
爷爷,2
财神,2
莫子,2
符合规定,2
正对面,2
困境,2
贵太,2
快餐,2
海风,2
吨位,2
温文尔雅,2
车修,2
远观,2
心智,2
箭,2
犄角,2
汽油机,2
樱,2
石祥,2
鲍,2
郗,2
效果显著,2
艾特,2
单层,2
最让人,2
新天地,2
顺带,2
老鸭,2
欧恒驰,2
环保车,2
规画,2
体育中心,2
賊,2
视感,2
志愿者,2
小平,2
學會,2
豪情,2
川西,2
选材,2
无锡市,2
沉淀物,2
包子,2
非议,2
白膜,2
花粉,2
钢丝绳,2
根本就是,2
國際赛,2
开会讨论,2
响尾蛇,2
地库,2
策,2
大客车,2
西南,2
生氣,2
威力,2
脱皮,2
尾街,2
字体,2
透肉,2
厚重感,2
洋洋,2
牛肉,2
韩国现代,2
订时,2
会徽,2
智慧型,2
志气,2
神仙,2
太死,2
贵点,2
陸上,2
商場,2
互相学习,2
限量,2
订亲,2
部是,2
海龟,2
章宁,2
团圆,2
洗脑,2
亮车,2
线线,2
商店,2
分镜,2
有戏,2
闪电般,2
牌照费,2
灯火,2
风冷,2
上車行,2
开篇,2
姿态,2
亭,2
珠用,2
和微博,2
创新型,2
水磨,2
脑海,2
贴者,2
法,2
土路,2
底漆,2
殷切期望,2
萧萧,2
小叔,2
檔次,2
短腿,2
良好习惯,2
纳六,2
饭店,2
配料,2
主想,2
靖叶,2
人定车,2
风哥,2
配方,2
继电器,2
胜景,2
节气门,2
外銷,2
帝王,2
爆劣,2
总表,2
王位,2
狗子,2
性生活,2
天上飞,2
杨浦区,2
黃單,2
凯撒,2
会破音,2
大热天,2
穿衣服,2
焦味,2
黑阿,2
信念,2
椅,2
扎堆,2
山峰,2
高居,2
目的性,2
多湾湾,2
泰安,2
模拟考试,2
黑糖,2
老式,2
刷卡,2
上车时,2
受骗上当,2
小人物,2
艾瑞,2
会员卡,2
风貌,2
語氣,2
核,2
不太会,2
午,2
幽灵,2
少见,2
名堂,2
丝带,2
狸猫,2
摩,2
架构,2
长寿命,2
品管,2
权威人士,2
领,2
洋名,2
零距离,2
本性,2
胎会,2
媳婦,2
民意,2
万向,2
都數,2
破线,2
职场,2
花心思,2
世纪,2
优良传统,2
版块,2
能放平,2
白烟,2
人事,2
补水,2
表率,2
方框,2
专人,2
太伤,2
市调,2
伦敦,2
裝液,2
用工,2
强项,2
灯装,2
家属,2
造诣,2
草稿,2
天水,2
常德,2
悦动,2
勇气可嘉,2
小凼,2
精才,2
猕猴,2
卡通,2
牛牛,2
視頻,2
白光,2
杠群,2
洗次车,2
车差,2
嚴凱泰,2
海洋生物,2
費稅金,2
级馆,2
堂弟,2
報價,2
二格,2
图文,2
信任度,2
步店,2
寒,2
新轩,2
平贴,2
朱伟伟,2
潮,2
九曲桥,2
海绵铁,2
橙,2
球赛,2
巴拉巴,2
纯平,2
氢,2
发动机厂,2
敲竹杠,2
哈根达斯,2
香港,2
圖者,2
小女生,2
连字,2
固件,2
工具箱,2
长轴距,2
被子,2
亘古,2
避孕套,2
娶媳妇,2
靠譜,2
科技化,2
张口,2
私家车,2
氣溫,2
聋子,2
消耗品,2
定案,2
等待时间,2
词语,2
车挺,2
灯用,2
曹瑞,2
愛用,2
记语,2
台北市,2
铁板,2
大廠,2
艾玛,2
内裤,2
个女,2
敌视,2
拍摄角度,2
臀,2
金装,2
闪光,2
交尾,2
头条,2
斯特,2
烟幕弹,2
立案,2
皮毛,2
吉首,2
情太,2
长发,2
公路网,2
衷心,2
盛夏,2
头晕,2
车苦,2
换海拉,2
姆指,2
剧本,2
汇总,2
收网,2
枣,2
超帅,2
半調子,2
周边地区,2
横梁,2
黄鹤楼,2
内圈,2
黄静,2
语气,2
拉家常,2
傳記,2
徽章,2
翡翠,2
闲,2
脱层,2
隆,2
岳阳楼,2
托会,2
乐园,2
维护费用,2
深表,2
月薪,2
周年纪念,2
猪格,2
糖,2
含量,2
神車,2
肖波,2
用电器,2
游刃,2
管理水平,2
硬性,2
袖手,2
算数,2
车太,2
标车,2
换点,2
将军,2
档用,2
伙同,2
先传点,2
有意者,2
精益求精,2
小潘,2
板桥,2
脸皮,2
百业,2
先验,2
美誉度,2
申爷,2
胶,2
查一查,2
圆弧,2
車會,2
牢骚,2
香菇,2
薯条,2
金毛,2
酷狗,2
赢家,2
女声,2
强力,2
锉,2
高位,2
设精,2
三思,2
阿哈,2
爆肛,2
控制权,2
黑膜,2
未毛,2
线口,2
尘物,2
小港,2
横杠,2
门缝,2
太极,2
亮饰,2
争端,2
海拉远,2
盖板,2
百罗,2
专用版,2
当众,2
国系,2
华彩,2
话语权,2
身世,2
阿门,2
蜡能,2
安康,2
低潮,2
娘家人,2
小蝌蚪,2
小車,2
防晒霜,2
金牛,2
经幡,2
满清水,2
气管,2
海角,2
读卡器,2
信息系统,2
阿克苏,2
登报,2
軍頂,2
比一比,2
利,2
强人,2
海湖,2
越省,2
司马昭,2
亲闻,2
電流聲,2
成型,2
血液,2
乱收费,2
偶额,2
漆层,2
機護板,2
约岸,2
赤水,2
前瞻性,2
坟,2
省会,2
花痴,2
飯,2
六地,2
馬力,2
将胎,2
車灯,2
单计,2
期限内,2
聚光,2
小图,2
靓号,2
观澜,2
邮件,2
目标性,2
技术储备,2
收费公路,2
祝你成功,2
病毒,2
张迪,2
小苹果,2
别蒙,2
流动性,2
专栏,2
有机,2
号油,2
中华民族,2
过河,2
换气,2
大老远,2
师兄弟,2
管店,2
粪坑,2
曹,2
都用,2
内乱,2
冷車,2
胎毛,2
龙龙,2
习寞,2
宾客,2
委,2
黃色,2
虚幻,2
勿要,2
雍正,2
天机,2
厚脸皮,2
交道,2
债,2
杂志,2
亲妈,2
音源,2
细缝,2
家系,2
我亲,2
上海东方,2
竖条,2
店门口,2
規律,2
海棠,2
塔河,2
神女,2
片皮,2
資本,2
自愿者,2
黑马,2
油位,2
南方人,2
书面材料,2
码下,2
乌鲁木齐市,2
搭公车,2
家店,2
蜜月,2
屁民,2
蛤蟆,2
祥云,2
子弹,2
京,2
售车,2
版檀色,2
小说,2
订字,2
鄱阳湖,2
开点,2
储物柜,2
给予帮助,2
亲兄弟,2
车商,2
是什,2
大白话,2
欠考虑,2
山地,2
代言人,2
辯,2
斌,2
旧人,2
动车,2
显示卡,2
珍珠,2
胎破,2
之日起,2
螢,2
殖民地,2
德国大众,2
齐羽翔,2
紀錄,2
铁粉,2
中午饭,2
哨子,2
气人,2
何原因,2
陈水扁,2
收银台,2
四楼,2
老朗逸,2
存物,2
冰棱,2
效仿,2
真赞,2
土坡,2
张贴,2
欧,2
小鸡,2
省台,2
血性,2
仪态万方,2
实验室,2
中级轿车,2
裝,2
晏公殿,2
拳术,2
劲椎,2
气帘,2
俘虏,2
郭,2
伊克萨玛,2
层次分明,2
坡坡,2
猪皮,2
豪华车,2
非常明显,2
生活照,2
联网,2
祖宗,2
七牙,2
古城,2
福美瑞,2
民生,2
朝脚,2
身段,2
牛魔王,2
水珠,2
任何事物,2
扁担,2
骨式,2
钥,2
小超超,2
現車,2
烟囱,2
太大,2
图片说明,2
基礎,2
紫外线,2
装店,2
窗机,2
自治区,2
脑筋,2
长痛,2
相间,2
满觉陇,2
集成显卡,2
连车,2
无现金,2
搞了个,2
回事儿,2
斯文人,2
电阻,2
水坑,2
基民,2
前任,2
装门,2
陕,2
丰田佳美,2
欧阳,2
和云狗,2
野爸,2
续比,2
场合,2
王氏,2
歇菜,2
癮,2
娘子,2
厂房,2
好头,2
优质产品,2
小屋,2
太坏,2
劳驾,2
亲历,2
热烈祝贺,2
泉水,2
公安分局,2
西药,2
妹买,2
农家,2
顺路,2
哈喇子,2
体质,2
行天下,2
梁式非,2
怀柔,2
現金,2
福银,2
驿站,2
妓女,2
年产量,2
恭禧,2
火花塞,2
雨落,2
老王,2
車窗,2
红布条,2
照方,2
贷勒,2
泡,2
主机厂,2
小学生,2
贷个,2
局面,2
保险箱,2
机遇,2
预算内,2
老表,2
平均化,2
过层,2
后人,2
办下,2
凳子,2
惯性作用,2
坏习惯,2
目容,2
风管,2
零钱,2
时报,2
唁,2
卫视,2
鄂尔多斯,2
一隅,2
教室,2
方向感,2
令箭,2
企图,2
多多指教,2
幸运儿,2
时则,2
吉言,2
標準,2
款型,2
台置,2
进库,2
时定,2
卸力,2
系統,2
表示同意,2
异想,2
街景,2
近照,2
步伐,2
小龙虾,2
原材料,2
手工费,2
劈音,2
条处,2
爱秀,2
高素质,2
月度,2
大爺,2
触屏,2
群标,2
斧头,2
交字,2
看惯,2
括号,2
刘明,2
眼巴巴,2
强费油,2
温器,2
赣隆,2
妙方,2
锋芒,2
金钱,2
宝安,2
穿透性,2
降温,2
计量,2
人文,2
振洋,2
嫡系,2
蹬车,2
滨智,2
维和部队,2
车群,2
謊,2
订小,2
锐界,2
个机,2
招人霖,2
炒菜,2
笔车,2
法宝,2
曲轴箱,2
莫加,2
雷克,2
奏效,2
承蒙,2
华杰,2
屠宰,2
豹子,2
象鼻山,2
智鸡,2
防腐蚀,2
保额,2
双侧,2
驴车,2
两件事,2
限期,2
酱,2
克莱斯勒,2
挂机,2
小样,2
黑会,2
罗富,2
车电,2
委员长,2
开元,2
天马,2
论文,2
三通,2
加工点,2
肯德基,2
男范,2
市集,2
反响强烈,2
海天,2
牛瓣,2
茶子,2
表里,2
念头,2
赢大奖,2
图里,2
张郎,2
首长,2
宁静,2
油太,2
太子,2
附加条件,2
油质,2
跑场,2
恩刚,2
雯,2
鸟样,2
花光,2
尔,2
烤串,2
文子,2
情景,2
韩版,2
担保人,2
伤感,2
销售价格,2
奧迪,2
带天窗,2
酸車,2
女模,2
会议,2
芝,2
烤羊,2
佳美,2
油脂,2
树,2
包袱,2
雾凇,2
老頭,2
广昆,2
外文,2
地胎,2
加多宝,2
仙,2
眉,2
吴岐洲,2
凹凸,2
广告词,2
高中同学,2
情坏,2
档异,2
从江,2
君阁,2
品车,2
鸣哥,2
骨骼,2
全网,2
車托,2
动态平衡,2
数学,2
当政,2
比納智,2
暖气,2
发点,2
北戴河,2
练车,2
闺女,2
柴油发动机,2
李娟,2
黑洞洞,2
郭铭昌,2
肖,2
美女图,2
成交量,2
云里雾里,2
过来人,2
老人头,2
换回来,2
外人,2
孤旅,2
片面,2
将手,2
负极,2
客觀,2
商都,2
覺得我太,2
软包,2
恩情,2
远远不够,2
台湾岛,2
夏悦,2
证书,2
菜市场,2
栏,2
严正,2
仔仔,2
警报器,2
小道,2
比景逸,2
青島遊,2
丽友,2
太大咯,2
用功,2
来份,2
何波斌,2
包尾式,2
范围广,2
大良,2
布哥,2
铜,2
封号,2
三元催化,2
苏宁,2
双数,2
牛群,2
傻车,2
定数,2
拜山,2
伤人,2
盗贼,2
中大奖,2
能开成,2
糕,2
多汁,2
比泡,2
哑巴,2
中華賽,2
棍子,2
公鸡,2
强奸,2
摄影师,2
厂牌,2
价定,2
承载力,2
作伴,2
不鸟,2
符合要求,2
极,2
文后,2
份,2
众目,2
投钱,2
权衡,2
指南,2
面貌,2
内景,2
严正声明,2
擦边球,2
勵志,2
猪猪,2
年关,2
优檀色,2
最大化,2
交界,2
商城,2
好戏,2
产的,2
所制,2
修文,2
张正,2
腊肠,2
真水,2
能值,2
油压,2
卓越,2
萌,2
快速路,2
潜,2
严重性,2
后轴,2
少会,2
别客凯,2
专业版,2
文哥,2
鸡妈,2
和敏,2
整体感,2
系女,2
餐,2
精神状态,2
主权,2
拉罗,2
动物园,2
人调,2
步步高,2
具体位置,2
于定,2
小伙计,2
图案,2
幣,2
上图哈,2
载,2
嗜血,2
闲人,2
优酸乳,2
蟹,2
投票决定,2
购物广场,2
杠上,2
迈瑞宝,2
滴娃,2
电喷,2
反担保,2
車主車子,2
汽车集团,2
藍芽,2
延庆,2
於涛,2
庄,2
钢结构,2
粗话,2
垃圾桶,2
备份,2
移库,2
客訴,2
连卡,2
巴士,2
電子節,2
車速,2
波拉,2
地球,2
灰机,2
十一月份,2
化油器,2
吊丝,2
烂车,2
城堡,2
大修,2
计划经济,2
纪,2
西安地区,2
少,2
格拉,2
营销员,2
纵臂,2
奇乾,2
富豪,2
种赓,2
計劃,2
醬,2
后提,2
龙凤,2
草莓,2
人帅,2
红星,2
江北,2
宽点,2
三厢车,2
典点,2
高精尖,2
旺季,2
马赛克,2
颜照,2
钻石,2
尸位素餐,2
發文者,2
關機,2
铁路桥,2
累计数,2
卤,2
锚,2
油税,2
邻居家,2
徐留平,2
司马,2
滑雪,2
起色,2
档是,2
竞争者,2
花四白,2
油型,2
冲压件,2
血忌,2
舞蹈,2
部车,2
龟儿,2
症状,2
光源,2
型求,2
地狱,2
弱势,2
贵重物品,2
激光,2
值点,2
机器人,2
辩论,2
雨欣凝,2
去死吧,2
网说,2
挂点,2
粘上,2
中国电信,2
經濟,2
开膛,2
图观,2
天数,2
小荻,2
遇水架桥,2
铝圈,2
骑马,2
特征,2
小视频,2
灯会,2
铁盒子,2
宾,2
急需,2
眾车,2
花香,2
高超,2
音讯,2
越来越松,2
里子,2
車道,2
貴型,2
泵会,2
张拉,2
黑门,2
步行,2
湖南台,2
外包,2
给你个,2
天冷,2
用材,2
訂車,2
南陵,2
比率,2
落窗,2
胯,2
挡车,2
旧址,2
身型,2
拉货,2
串味,2
辞藻,2
乱花,2
身材苗条,2
栏目,2
砖头,2
底速,2
风情,2
太远,2
原版,2
荆门,2
气门芯,2
方块,2
地摊,2
典范,2
拔萝卜,2
音信,2
车动,2
和爱信,2
光盘,2
马路边,2
潇湘,2
来码,2
行李舱,2
货跟,2
和广,2
实干,2
远山,2
艾瑞泽,2
白狼,2
南梦雪,2
晒单,2
换毛,2
奶粉,2
运动装,2
磐,2
同门,2
同心,2
国库,2
纳木错,2
变色,2
高度一致,2
剎模,2
宝盒,2
大路货,2
本色,2
白鹿岛,2
左拥右抱,2
臂力,2
亲自动手,2
车西,2
齐,2
毛驴,1
约会,1
投资收益,1
利益集团,1
生产日期,1
成蝶,1
亦然,1
夫妻俩,1
车订,1
硬物,1
交房,1
乙款车,1
坠物,1
摊,1
学妹,1
壇,1
琴弦,1
柏油路,1
往后面,1
武陵源,1
和事老,1
走神,1
洞子,1
款实,1
做点,1
军事,1
全豹,1
光彩照人,1
乜,1
名店,1
帅帅,1
极品飞车,1
肖像,1
领子,1
炼厂,1
白子,1
阿拉伯,1
精典,1
炊,1
肉车,1
寒风,1
大博哥,1
红眼,1
粮食,1
皮包,1
利丰,1
船员,1
白天鹅,1
电路板,1
评书,1
团团圆圆,1
卡梦贴,1
哈利,1
祝你幸福,1
篮球队,1
中拿车,1
腹地,1
观者,1
作出反应,1
军梦,1
美感,1
美差,1
老古董,1
健健康康,1
老爹,1
加日行,1
厂子,1
保拉,1
高關,1
宝山,1
光会车,1
太爷,1
几十人,1
看守所,1
刘备,1
详细分析,1
事权,1
毛玩,1
抓住机会,1
读数据,1
情义,1
保险合同,1
心莲,1
凤凰山,1
楼兰,1
車主老,1
重庆地区,1
鱼护包,1
车风,1
真真正正,1
悬空,1
路路顺,1
郎才女貌,1
号车,1
首保,1
当涂,1
子孫成,1
飞燕倚,1
全家老小,1
男朋友,1
大壳,1
钉子,1
上泉南,1
桥头,1
艳阳,1
帕拉丁,1
腹产,1
椰林,1
妹儿,1
全拆,1
灯别,1
利金,1
付定金,1
保险费用,1
小光,1
建厂,1
跟踪报道,1
观感,1
邹凡,1
情节严重,1
小河,1
泥水,1
舒马赫,1
元器件,1
歌唱,1
双通道,1
残儿,1
轿能,1
子真强,1
青山绿水,1
卖肉,1
符合条件,1
倒车档,1
恶人,1
历史性,1
代用,1
盐城,1
咫,1
活儿,1
蒙古,1
施工方,1
交融,1
接机,1
子熙,1
杰仔,1
咖啡杯,1
智馆,1
追究责任,1
陆伍哥,1
罗丝,1
小榄,1
美图,1
操场,1
朝阳路,1
高低音,1
字字,1
风道,1
良品,1
涂点,1
碗装,1
海绵垫,1
龙岩,1
陆尊,1
洛,1
江门,1
和善,1
知识产权,1
宋美龄,1
份子,1
鸦片,1
讯号,1
盐分,1
慕鼓,1
资本主义,1
五湖四海,1
黄三,1
问选车,1
人顶,1
人类,1
加厚,1
谭西,1
問,1
彼岸花,1
发油,1
招商,1
顺,1
亲戚朋友,1
信哥,1
无噪音,1
国界,1
技术装备,1
拖地,1
两毛,1
领导批示,1
良才,1
前兆,1
出线,1
士气,1
翁翁,1
眼前利益,1
峰奴,1
晚一点,1
民怨,1
戒情人,1
开工率,1
标途,1
生产者,1
经视,1
杂乱,1
花都区,1
一缸,1
那也好,1
后腿,1
剪线,1
季军,1
外货,1
生态,1
小节,1
雪糕,1
悬,1
姚,1
顺志,1
款落,1
内政,1
收获期,1
佳音,1
伴我行,1
炮仗,1
美工设计,1
分庭,1
加勒比海,1
消防,1
高龄,1
杠子,1
量级,1
柳絮,1
青山,1
山定,1
战,1
歧义,1
骏捷,1
居心,1
灰心,1
基本知识,1
太模,1
二奶,1
渔船,1
前机,1
外交,1
拱桥,1
烤漆,1
毅然决定,1
顶栏,1
黑谷,1
爱恋,1
人眼,1
盛境,1
六哥,1
一码,1
哈狄斯,1
套件,1
太气,1
斯坦森,1
组员,1
部情,1
莫日,1
纳妾,1
禹州市,1
指甲刀,1
群咯,1
车饰,1
拉丁,1
琳,1
锦江,1
圣君,1
镇里,1
尺,1
号顶,1
小暑,1
回位,1
少交,1
贪官,1
王爷庙,1
比亚,1
长腿,1
向恭,1
沾边,1
军车,1
高水平,1
总装线,1
吩,1
个会,1
北二环,1
干部,1
暴发户,1
珂,1
丹文,1
探亲,1
坑货,1
龚,1
边围,1
华蓥,1
桥东,1
技术开发,1
生子,1
车钱,1
甲款车,1
倾度,1
樟木,1
笔者,1
池州,1
尤溪,1
金龙,1
弹药,1
湖水,1
学渣,1
滑轨,1
大业,1
劣車,1
克拉,1
桌子,1
沟槽,1
大运,1
加太满,1
铭牌,1
号涡,1
权衡再三,1
西风,1
换卡,1
中广网,1
圆形,1
土生土长,1
银两,1
航空港,1
兵工,1
电脑桌面,1
地玩,1
塑料纸,1
萱,1
同场竞技,1
战由,1
降点,1
楊,1
作法,1
梳妆镜,1
张轩,1
建立联系,1
干扰信号,1
进厂,1
辣,1
县乡,1
电子原件,1
麦克风,1
明信片,1
四川人,1
隶属于,1
香水瓶,1
源,1
金耳朵,1
大音希声,1
乐事,1
张店,1
科技型,1
缺憾,1
助学,1
链子,1
临川,1
商报,1
触点,1
卖力,1
娘俩,1
舒,1
禮拜,1
静水,1
普装,1
光社,1
露骨,1
九成新,1
远会,1
巴西,1
魔域,1
身心,1
车靓,1
母亲,1
烂好人,1
靠谱,1
圆片,1
全膜,1
三脚架,1
标准版,1
要贴,1
行政,1
中国汽车工业协会,1
越来越近,1
正儿八经,1
网传,1
增值税,1
宜春,1
王勇,1
娘炮,1
重阳,1
人共,1
写作水平,1
顧問,1
胆量,1
南苑,1
裙,1
过眼,1
条会,1
高溫,1
除雪,1
侠,1
抢银行,1
和滨智,1
甘油,1
烟草味,1
熊仔,1
步步,1
斜角,1
弃妇,1
财源,1
厨子,1
皮痒,1
稅,1
和四儿,1
政确,1
烟灰,1
档子,1
异性,1
印记,1
图画,1
换衣服,1
箜,1
黑先,1
便宜货,1
班长,1
上药,1
回店,1
糖糖,1
拉进群,1
外候,1
琴行,1
名山,1
断崖,1
分公司,1
总装厂,1
会肉,1
所花,1
财权,1
红艳,1
急先锋,1
秦,1
格数,1
档锁,1
弯度,1
连云港,1
让我忧,1
大儿子,1
空舟,1
鹵素,1
破膜,1
将雨,1
精神病,1
油垢,1
博大精深,1
大额,1
地铁线,1
聊聊吧,1
对码,1
太粗,1
动人,1
织物,1
天露蔚,1
票票,1
角分,1
内经,1
豪华轿车,1
不能抑制,1
发贴人,1
满头大汗,1
碧落,1
体,1
優缺點,1
中央财政,1
納智,1
大鵬灣賽,1
太阳伞,1
非黑非,1
佳能,1
信息库,1
西域,1
执行长,1
小凸,1
抚州,1
价格下降,1
美饰,1
子店,1
细问,1
小贩,1
城市交通,1
茶水,1
騲苠,1
板主,1
煤气,1
底座,1
飞鸽,1
小宝贝,1
榮耀,1
急性子,1
夏哥,1
参赛,1
聚,1
动尾门,1
人比人,1
周边游,1
生活区,1
老曾,1
分人,1
大吉大利,1
校灯,1
一帮人,1
夕照,1
买款,1
高大威武,1
图纸,1
颜面扫地,1
用吧,1
吊带袜,1
鸿图,1
实体,1
关主,1
毛毛雨,1
蛋白质,1
天堂鸟,1
枪口,1
车毂,1
干事,1
车同,1
调解书,1
生长,1
居,1
联合国,1
新妆,1
願樓,1
才值,1
红白,1
小四,1
麒麟,1
老夫,1
刚铺,1
草书,1
航盛,1
盈利,1
版权,1
任命,1
周知,1
全信,1
交通堵塞,1
老大哥,1
角斗士,1
批发市场,1
胡同,1
操作技能,1
晋江,1
字里行间,1
马结北,1
智尊款,1
耳語,1
金莎,1
车雨,1
黄壳,1
板油,1
线装,1
核算,1
艾辩况,1
爱虾,1
保二保,1
壓力,1
毛衣,1
劉總監,1
灯芯,1
墨横,1
选途,1
西施,1
官邸,1
平安夜,1
超哥,1
出局,1
飞飞,1
缩缸,1
了宾悦,1
曾异,1
脂肪酸,1
向前走,1
头戴,1
添台,1
茶杯,1
沟坎,1
谢拉,1
常態,1
授权书,1
通天,1
沃泰,1
则安之,1
万圣节,1
天共,1
免税店,1
鋁圈,1
韩系真,1
驾窗,1
弹奏,1
树汁,1
日車,1
友人,1
小数点,1
長安,1
介,1
东胶,1
登机,1
奖票,1
轉角,1
橘子,1
水盆,1
烟酒,1
盘桓,1
工人工资,1
普特,1
容貌,1
天班,1
言表,1
花池,1
版車,1
珞珈,1
羚羊,1
灯源,1
勢,1
枝叶,1
轻量,1
车感,1
地界,1
五边形,1
杭少龙,1
投向,1
台资,1
时侯,1
小萌娃,1
密云,1
辛巴,1
胡慧中,1
結溫器,1
起车,1
骨感,1
行為,1
大林,1
卖方市场,1
红岛恩,1
欧弟,1
男友,1
星海,1
成堆,1
美德,1
场所,1
韩剧,1
程哥,1
课堂,1
豪哥,1
默思,1
义气,1
稅价,1
变脏,1
毛求,1
问句,1
会刹,1
蒲飞,1
低溫,1
小优六,1
熱門,1
装雨,1
驱逐出境,1
雾水,1
加碱,1
噪小,1
车流量,1
金子,1
豪客,1
夕阳西下,1
空空,1
字档,1
东尧,1
田军,1
加油量,1
前輪,1
电脑板,1
民事,1
惨额,1
烟筒,1
定语,1
大唐,1
满园春色,1
营业,1
来块,1
木子,1
罪人,1
罗孚,1
大鼓,1
权限,1
成篇,1
密诗特,1
满场,1
胎壓,1
真金,1
兄能,1
甘肃省,1
治安,1
论车,1
胜龙,1
息,1
砖家,1
但明,1
特种车,1
眼界,1
圈子,1
姑凉们,1
天蝎座,1
迪,1
哥儿们,1
相素,1
博览会,1
夹子,1
蓋,1
粉尘,1
广告片,1
拥护者,1
办公,1
全休,1
布阵,1
过手,1
天目山,1
照妖镜,1
过滤器,1
踏法,1
裔,1
通辽,1
產能,1
交车区,1
开馆,1
猛犸,1
移动硬盘,1
华盛,1
皮卡丘,1
总长,1
孝感,1
北京首都机场,1
風景,1
股东,1
话费,1
車款,1
德州,1
砂纸,1
魅惑,1
最省,1
威神,1
泥潭,1
轨,1
视像,1
水瓶,1
栾学铅,1
来馆,1
猥琐男,1
车肉,1
強國,1
制造者,1
雇车,1
本领,1
天花板,1
不争气,1
国际惯例,1
铺张,1
污点,1
都数,1
兴安盟,1
储物箱,1
彩带,1
绢子,1
深表同情,1
头版头条,1
喷雨,1
路牌,1
店装,1
建设性,1
真特,1
白鼠,1
血肉,1
脸蛋,1
海事,1
弓形,1
草堂,1
记号笔,1
猴王,1
秋波,1
加毛水,1
白气,1
骚件,1
狼头,1
沱沱,1
声称,1
访友,1
代子,1
冥,1
放鞋,1
蘑菇,1
苦力,1
经济损失,1
安东,1
时将,1
小油,1
新安,1
万向集团,1
雕刻,1
童思,1
废文,1
負荷,1
寡人,1
虫子,1
飞思,1
胞弟,1
辅路,1
跨界车,1
层主,1
阿宾,1
肿瘤医院,1
拉缸,1
路线图,1
墩子,1
爺,1
感应式,1
钱阿,1
私塾,1
卡片式,1
反点,1
張叁,1
攝像,1
小主,1
鲜,1
贝壳,1
小福,1
后胎,1
现代派,1
环城路,1
纳豆,1
比哈,1
国家税收,1
中算,1
太平公主,1
饥渴,1
美人豹,1
快车,1
詹,1
太监急,1
黄花菜,1
动动手,1
入场,1
预见性,1
空图,1
周全,1
秋裤,1
出库,1
群猪,1
舞动,1
雄心,1
观楼,1
从东向西,1
谢咯,1
梁调效,1
骨肉,1
前贴,1
民族利益,1
坐地,1
国产手机,1
甘雨,1
热带气候,1
人干,1
总價,1
内分泌,1
天赖,1
鍵盤,1
静置,1
祥,1
国宝,1
四店,1
拍砖,1
阳,1
潛質,1
断臂,1
保質,1
节气,1
永岭,1
合理合法,1
焦焦,1
新阳,1
大少爷,1
虚影,1
愛車,1
同岁,1
日晒,1
格里,1
白花花,1
欧版,1
鲜花,1
老婆婆,1
蒙眼,1
烤,1
晚饭时间,1
冰棍,1
阴阳,1
西环荣,1
肩头,1
童之,1
异方,1
薪,1
政策优惠,1
独具,1
水量,1
江海,1
风浪,1
睿也,1
常温,1
屁孩,1
红枫,1
河滩,1
脚神,1
月间,1
苏南,1
新华,1
要面子,1
泪痕,1
一事,1
文件名,1
背线,1
供需,1
源头,1
高校,1
红太阳,1
配辆,1
霍顿,1
玩法,1
三油,1
婆,1
异常情况,1
主场,1
点击率,1
个果,1
错车,1
胎噪大,1
什油,1
绣球,1
車爛,1
旭日东升,1
后头,1
颓势,1
婆婆,1
山东地区,1
换件,1
青儿,1
日纳,1
桐庐,1
假肉,1
猎豹,1
廣东,1
放狗,1
之灾,1
大旗,1
冰丘,1
出师,1
捷豹,1
装机,1
防护网,1
駕文,1
山里人,1
占有率,1
胃,1
卢博奇,1
三人间,1
脚跟,1
身份验证,1
廠牌,1
风子,1
小儿子,1
江苏省,1
人话,1
后備箱,1
树脂,1
钢笔,1
高分,1
招式,1
阵容,1
四眼田鸡,1
矮凳,1
上臂,1
阴雨天,1
巴黎,1
塑料件,1
皇军,1
得利卡,1
家居,1
罪责,1
卉,1
均衡性,1
省界,1
常压,1
贴点,1
补丁,1
单双号,1
泉眼,1
润滑剂,1
篮天,1
花眼,1
海域,1
车装,1
配型,1
保时,1
本题,1
横杆,1
影碟机,1
五子登科,1
三色,1
小女孩,1
單,1
黑白相间,1
类同,1
单的,1
异响用,1
月产,1
特惠,1
节省时间,1
D版,1
开端,1
先调,1
蒙自,1
绿茶,1
豪华型,1
纳纳智,1
意图,1
骏马,1
游戏规则,1
悦达,1
吴家有宝,1
部品,1
大战,1
扰人,1
裤子,1
天路,1
高血压,1
帆哥,1
垫装,1
將子,1
祝尼,1
檔及具,1
共识,1
民俗,1
白纸,1
故装,1
折痕,1
灯组,1
落伍,1
开花,1
草编,1
杠和,1
猿,1
实物,1
蒙语,1
民众,1
油别,1
男朝,1
狮子,1
资讯,1
无雨,1
岗,1
施舍,1
秋雁南,1
传琪,1
套用,1
个货,1
对流,1
拉弓,1
青菜萝卜,1
本体,1
小丑,1
内电路,1
天亮,1
烟熏,1
炉,1
大潮,1
檀太,1
用光,1
换哈,1
目地,1
中華,1
罩子,1
高坪,1
西关,1
雾都,1
西段,1
太普通,1
車庫,1
電話,1
渊源,1
大红大紫,1
眼珠,1
时顶,1
赤果果,1
救心丸,1
豬,1
途安,1
轮辋,1
湘潭,1
萧浅,1
通宵,1
准妈妈,1
能用,1
蜂窝,1
加勒,1
过拉,1
游乐,1
寺庙,1
李湘,1
巴林左旗,1
龟牌,1
忠言,1
克里夫兰,1
潼,1
条队,1
海文,1
明星像,1
小写,1
少林寺,1
发送给,1
药商,1
灌装,1
铁將军,1
喇,1
胸围,1
上美,1
外头,1
磨痕,1
南平,1
汉密尔顿,1
暨,1
黑莓,1
帐号,1
几厢,1
不议,1
弱水,1
外双溪,1
太多人,1
白皮,1
冰种,1
男公关,1
夷,1
花丛,1
开团,1
老纳友,1
欲购从速,1
选择对象,1
检查和,1
丝孔,1
箱,1
索塔,1
单上,1
偏安,1
副作用,1
购物袋,1
根部,1
环海,1
迪尔,1
拖字诀,1
瑞德,1
肉感,1
民窑,1
餐厅,1
沙立文,1
太松,1
超炮,1
塑料盆,1
奥奔宝,1
頭顱,1
河北地区,1
石佛,1
编号,1
电蚊,1
汽油味,1
洽商,1
丹丹,1
动偶,1
戴莉,1
捷达车,1
和拉货,1
成衣,1
机机,1
阀体,1
义乌,1
城轨,1
插电,1
拉满人,1
冰水,1
份儿,1
淑女,1
粗略,1
毒,1
巨人,1
北京市,1
田思迪,1
加速性,1
癌症,1
雪人,1
牢记,1
罚站,1
國強,1
种种原因,1
装饰城,1
席卷全国,1
玄武门,1
作史,1
超声波,1
力嘛,1
祥瑞,1
胎面,1
宫,1
意指,1
筏子,1
张掖市,1
脑袋瓜子,1
牛厂,1
四等奖,1
义工,1
进阶,1
拇指,1
共和国,1
云落,1
電池,1
外联,1
装下,1
贼帅,1
鯨,1
依赖感,1
汗颜,1
东莞市,1
西装,1
用品,1
张望,1
组分,1
油桶,1
愛納,1
城池,1
佛牌,1
黑更帅,1
逆流,1
发肉,1
广角镜头,1
动画,1
技巧性,1
轻油,1
虐性,1
调度,1
通利,1
沙尘,1
气雾,1
蓬勃,1
脚心,1
影帝,1
专业性,1
八仙,1
睡觉时,1
无物,1
芳香烃,1
税本,1
加盟,1
支撑架,1
心事,1
玛德,1
开拓市场,1
花生米,1
卡拉,1
尾烟,1
电台,1
肌,1
谋划,1
顺势,1
太卡,1
车货,1
大佬,1
满州里,1
红米,1
发邮件,1
个胎,1
猫店,1
一码事,1
钱提,1
田本,1
中和点,1
两地,1
卢芳,1
疼,1
刑,1
结果显示,1
碑,1
合法,1
不二价,1
床单,1
老外,1
化妆盒,1
净,1
太作,1
百富,1
体形,1
大雨倾盆,1
办手续,1
过众泰,1
骑单车,1
大祸,1
套牌车,1
尧子,1
阿寶,1
维修厂,1
安区,1
星志,1
个任,1
大放送,1
真透肉,1
张力,1
同乡,1
新生,1
天际,1
联姻,1
环旋,1
车托才,1
环保型,1
来宾市,1
纨绔,1
交通规则,1
很痞,1
首曲,1
团,1
研究成果,1
原型,1
貔貅,1
苦头,1
代名词,1
横拉,1
铁丝网,1
康囡,1
小熠辰,1
粘性,1
猪蹄,1
每辆,1
瑞斯,1
货加,1
幸福美满,1
负责人,1
大跃进,1
艳阳天,1
九毛,1
汽轮,1
红枣,1
谣,1
风力,1
涧水,1
不干胶,1
手架,1
弦,1
主们,1
屁大,1
镇区,1
有性,1
普陀区,1
混色,1
家属院,1
丞,1
杭州人,1
欺骗性,1
轎,1
辣椒面,1
日光,1
加油卡,1
撸完,1
广西南宁,1
什袭而藏,1
小面包,1
卡布奇诺,1
刺骨,1
皮薄,1
基础知识,1
超人,1
职员,1
市长,1
损人,1
罗恩,1
墓,1
敬仰,1
卡在升,1
登顶,1
出場,1
标准配置,1
越浅,1
结婚照,1
加微信,1
孙某,1
泽,1
公爵,1
车船,1
欣,1
张涛,1
吸顶,1
筋,1
人长,1
奖金,1
淡蓝色,1
粗油,1
奸商,1
丛林,1
痰盂,1
保护费,1
汇报,1
规律,1
贴拉花,1
八门,1
香气,1
皇帝,1
阿勇永,1
买气,1
囚,1
酸菜,1
波力,1
细胞,1
常州市,1
产值,1
老同学,1
黄兴,1
杀气,1
高架桥,1
车座,1
三责险,1
韩畅,1
口福,1
爱慕,1
小台,1
乡干部,1
三等奖,1
玉山,1
马尾辫,1
电脑城,1
真气,1
橡胶管,1
福清,1
单才,1
古树,1
腾君威,1
信守,1
钥匙链,1
环舱,1
填充物,1
油货,1
球场,1
米果,1
民警,1
次品,1
压倒性,1
使用者,1
发差,1
吉兆,1
画面感,1
溃疡,1
契機,1
城南,1
层皮,1
水灵,1
侏儒,1
积极分子,1
陋巷,1
凸透镜,1
株式,1
孔里,1
木丁西,1
不會,1
味口,1
联系人,1
女主,1
铁嘴钢牙,1
三滤,1
芙蓉王,1
帅丰,1
云青,1
唐七,1
福音,1
老年人,1
白户,1
丙款车,1
请留步,1
掌门人,1
业余,1
通辽市,1
托狗托,1
一票通,1
子宫,1
定局,1
嫌犯,1
大东,1
成都地区,1
吉斯,1
重照,1
问责,1
铁木真,1
交卷,1
诺莹,1
欧巴桑,1
柔中带刚,1
圆珠笔,1
近景,1
徐峥,1
草色,1
茶几,1
奥卡灯,1
单排,1
长风,1
元凶,1
展翅飞翔,1
白们,1
短距离,1
积尘,1
应用性,1
缺位,1
孽業,1
牙路,1
柯林,1
鞋盒,1
岗位,1
果冻,1
清洁工,1
维特,1
乳猪,1
南征北战,1
代工,1
面儿,1
烧烤店,1
骆驼刺,1
正确处理,1
为数,1
海口市,1
小风,1
兰海,1
宠物,1
石子路,1
有鬼,1
焊点,1
一劳永逸,1
太炫,1
结晶,1
葱头,1
筒子,1
曼青,1
恶性,1
顶帐,1
老牌,1
喜美,1
关注点,1
豹子头,1
防倾杆,1
经脏,1
外温,1
银建,1
戏松,1
小肚鸡肠,1
莼情,1
杨阳洋,1
业务人员,1
李佳,1
战机,1
牛皮,1
惠,1
晋国,1
铺面,1
技术活,1
露点,1
内置在,1
碑亭,1
豬頭,1
南柯一梦,1
田忌赛马,1
林间,1
三金,1
扑克,1
内场,1
總監,1
渝中区,1
速度感,1
鸟贝,1
背车,1
发夹,1
测数据,1
保质期,1
军令状,1
宰,1
水柱,1
云狗,1
领会,1
财源滚滚,1
话动嘛,1
人團,1
钱数,1
罗兰,1
活人,1
撑杆,1
登机牌,1
禹王,1
小字,1
烟民,1
异议,1
官房,1
石男,1
录音,1
点睛,1
工序,1
雷电,1
幸福感,1
坐电梯,1
簧,1
一颗颗,1
酷儿,1
秋风,1
帥哥,1
镜会,1
区龙,1
變形,1
开后门,1
天街,1
上学时,1
小街,1
改良版,1
小菜一碟,1
会积,1
别当真,1
英伦,1
理解万岁,1
恐龙,1
吊缆,1
路線,1
闻讯,1
鐵牌,1
小巧,1
老江湖,1
磨难,1
大顺,1
黑别,1
白富美,1
事关,1
腰弯,1
插式,1
盈余,1
花花世界,1
常宁,1
行囊,1
养病,1
文弘阳,1
晒干,1
纸皮,1
不力,1
表面层,1
个人赛,1
素漆,1
质次价高,1
封路,1
下坑,1
孩童,1
通票,1
个相,1
珠機,1
车运,1
車主覺,1
妆,1
土炮,1
所值,1
日南,1
墨迹,1
饮马,1
新灵,1
黑曜石,1
干门,1
普普通通,1
楼坝,1
形态,1
旅客,1
專責,1
甘谷,1
声道,1
检查点,1
玫瑰园,1
贴贴,1
袁洁仪,1
灯分,1
写字,1
实心,1
生意人,1
屏用,1
滋女,1
假公济私,1
娇妻,1
萝岗,1
序幕,1
厨房用,1
升车,1
消费税,1
潜下,1
卜,1
人间烟火,1
山面,1
感学,1
钟迎霞,1
棋,1
茗,1
架式,1
大石头,1
大兵,1
共创,1
山顶,1
康巴,1
险峰,1
盆景,1
车牌号,1
爱唯,1
最新消息,1
檀木,1
总体水平,1
心醉,1
蓝挺,1
神级,1
画卷,1
開車,1
决赛,1
汽车装饰,1
珍藏,1
浅谈,1
读,1
台柱子,1
玻璃胶,1
姚明,1
脸带笑容,1
闹事者,1
摸奶,1
球队,1
现行,1
康伯虎,1
渡口,1
开途,1
统计数据,1
曲奇,1
左布先,1
廢土,1
邵文芳,1
甘,1
进气门,1
老鸟,1
脑壳,1
功效,1
套筒,1
南郊,1
冷餐,1
全铝,1
服务措施,1
坐圈,1
欧蓝德,1
菜菜,1
夜景,1
防尘,1
金说,1
范本,1
功能模块,1
新西兰,1
木云,1
老套路,1
芝麻,1
于智,1
老顽童,1
南坪,1
绿,1
小三来,1
瑜伽,1
本子,1
安倍晋三,1
长丰,1
狗尾巴,1
脏字,1
瞎操心,1
溢价,1
白沙,1
持平,1
散热片,1
订檀色,1
沃尔玛,1
奥迪车,1
游车,1
展鹏,1
纽北,1
駕齡,1
宇通,1
欧系,1
消码,1
夙愿,1
郁金香,1
小事儿,1
薛,1
晚,1
群观,1
头头,1
内部人员,1
我,1
电梯,1
足球队,1
叶黄枝,1
棉被,1
高离,1
弥勒,1
比价,1
歌王,1
台历,1
非托非,1
山明水秀,1
炎黄子孙,1
窗缝,1
疗行,1
马扎,1
都光,1
带队,1
对话框,1
耐高温,1
小桥流水,1
過車,1
零食,1
脚底板,1
分屏,1
王牌,1
主谋,1
老妹,1
购物车,1
张桂玉,1
红点,1
太平洋保险,1
纪念奖,1
浏览器,1
宾仔,1
骨子,1
积极主动,1
双龙,1
静若处子,1
宋,1
肉搏战,1
中饭,1
南溪,1
假提车,1
外向,1
足球,1
国之力,1
科教,1
好下场,1
油见,1
纪念日,1
小儿,1
恢复原,1
美食节,1
交期,1
濑尿,1
车别,1
实价,1
适应力,1
戰爭,1
芥末,1
被盗,1
窟窿,1
冷启动,1
廠商,1
名长,1
潘长江,1
踏破铁鞋,1
分馆,1
时任,1
伎俩,1
天门,1
温度传感器,1
和坛,1
太土,1
账面,1
杂项,1
斯通,1
合同期,1
比老纳,1
三亚湾,1
新闻报道,1
和瑞虎,1
陈信宏,1
代工厂,1
控制键,1
除甲醛,1
雨刷臂,1
前三甲,1
剪刀手,1
失业,1
尧,1
头脑,1
势,1
草莽,1
燃气管,1
林子,1
汽車史,1
雨衣,1
黑托鸟,1
钓箱,1
皇家,1
娱乐节目,1
东风公司,1
满足感,1
忆,1
悦达起亚,1
黄先生,1
裤衩,1
覆盖范围,1
国名,1
素材,1
促销价,1
最新款,1
琦,1
加件,1
小精灵,1
山房,1
二者,1
水系,1
徐徐,1
屏是,1
胡乱,1
军转民,1
腕力,1
电兔,1
通用五菱,1
杨博,1
阶段性,1
下肢,1
恥,1
阿城,1
逆天,1
磨平,1
博鳌,1
杰德家,1
左龙,1
牌费,1
弗兰科,1
杭州市,1
三达,1
扇动,1
炭,1
科计,1
赵赵,1
接受程度,1
大红袍,1
策划案,1
结贴,1
永久性,1
脱离关系,1
明珠,1
望布神,1
感太,1
博知,1
黑亮,1
游人,1
个,1
拆迁户,1
汉川,1
胎劑,1
代献飞,1
运动套装,1
双长,1
供货商,1
鸡血,1
狂犬病,1
杨威,1
雄据,1
論馬力,1
经济账,1
确实可靠,1
大气压,1
驴肝肺,1
地市,1
风评,1
荟,1
倾向性,1
取暖器,1
全力支持,1
深刻印象,1
做文章,1
黑輪,1
惊鸿一瞥,1
禽流感,1
小欢,1
栾汪脊,1
天大地大,1
瞌睡虫,1
军山,1
於納,1
全钢,1
粉丝团,1
底层,1
专题,1
海景,1
山之宝,1
风景图,1
城乡,1
黑与托,1
程,1
杨悦,1
渣屑,1
块砖,1
发消息,1
片区,1
时日,1
心怀,1
开辆,1
剂,1
铁画银钩,1
特权,1
用水,1
刺痛感,1
宾至,1
羡,1
地列,1
故里,1
集气站,1
指示牌,1
享有者,1
精神领袖,1
车号,1
版的,1
估,1
中都,1
受害人,1
认真负责,1
敵,1
天木空,1
資訊,1
新闻联播,1
索得斯,1
缘份,1
何育诚,1
冰辰,1
荣,1
作念,1
伊人,1
巾,1
上海浦东,1
拉轰,1
偏门,1
领悟到,1
凡间,1
招商银行,1
大排量,1
旋锋,1
铁架子,1
科技时代,1
碎石,1
个格,1
服役,1
满厢,1
版会,1
档下,1
北倚,1
多勒,1
私家侦探,1
制图,1
产品品质,1
患,1
黑丝袜,1
车所,1
定式,1
白花,1
社团,1
永宁,1
江城,1
英皇,1
吾爱,1
阿进,1
林荫大道,1
筆權,1
雪花,1
前凸,1
品店,1
冤,1
靠椅,1
轮眉,1
住宅区,1
自导自演,1
晓勿得,1
创造性地,1
所幸,1
顶尖,1
提前量,1
淡化,1
秫,1
烈日,1
饵,1
下雪天,1
侵略者,1
寒潭,1
永乐,1
会限牌,1
谢幕,1
记录器,1
户口,1
友们,1
北斗星,1
根本原因,1
货价,1
射频,1
宁夏,1
后箱,1
钟头,1
比贴,1
毡,1
激活码,1
正常值,1
油制,1
寻常路,1
意見,1
缴械投降,1
陆游,1
时用,1
汽已,1
臭豆腐,1
款差,1
真谛,1
眼眸,1
毛天冷,1
剂量,1
最求,1
梁非,1
车牌号码,1
太烂,1
行者,1
响街,1
动动,1
接触区,1
参考性,1
网页,1
上半身,1
崇日,1
牵引车,1
军工厂,1
患者,1
兰怡,1
继任者,1
地猪,1
中程,1
飞翼,1
步行街,1
牛拉,1
變態,1
当过兵,1
过太,1
风机,1
罪惡,1
田园风光,1
手掌,1
下岗职工,1
和光荣,1
神坛,1
工业园区,1
牌坊,1
能團,1
黑钱,1
木质,1
高品质,1
以马内利,1
弓子,1
磁护,1
小彭,1
企业家,1
天都,1
石墙,1
天问,1
宏观,1
标头,1
耗点,1
大千世界,1
警徽,1
排位,1
临安,1
芙蓉镇,1
血本,1
益桥,1
中国富豪,1
物料,1
涂观,1
方阵,1
脚趾头,1
美言,1
所长,1
易燃,1
牛气,1
力顶,1
怨念,1
原主,1
華擎,1
好哇,1
臭美,1
小尾巴,1
达令河,1
纠众,1
三流,1
车人,1
车样,1
商贸,1
酒瓶,1
概念车,1
扁平化,1
眼福,1
满负荷,1
单人,1
格尔发重卡,1
刚成立,1
马车,1
阶梯,1
土肥,1
常理,1
嗓声,1
皓,1
晴子,1
农民,1
女明星,1
協會,1
水电费,1
圣诞快乐,1
井拔,1
校尉,1
帅小伙,1
进场,1
高票当选,1
射手,1
泥沙,1
普通家庭,1
价格表,1
电脑报,1
能导,1
运输车,1
持币,1
齿,1
伙计,1
沙坪坝,1
昆山市,1
高歌,1
我贷,1
美國,1
老纳家,1
树荫,1
犯罪现场,1
安度晚年,1
画儿,1
宾悦,1
书画,1
液晶显示,1
矿泉水瓶,1
货是,1
铁罐,1
沈阳人,1
深具,1
頂輕點,1
时实,1
住宿,1
专采,1
娄,1
國民黨,1
当权派,1
字型,1
進度,1
飞鱼,1
加长版,1
买方市场,1
开箱,1
空地,1
意大利人,1
大志,1
噪点,1
和谈,1
太脏,1
系好,1
選太,1
针对性,1
顺利开展,1
乌镇,1
福地,1
比装,1
年式,1
旷日,1
瑞安,1
赛马,1
版帅,1
野狗,1
芝麻开门,1
字架,1
徐泾,1
事业单位,1
沼泽,1
麒是,1
一上,1
华擎,1
纸条,1
报告稿,1
整容,1
美版,1
泳衣,1
水会,1
國的,1
温,1
肇事人,1
班子,1
警钟长鸣,1
风炮,1
柠檬,1
电驴,1
坤,1
右门,1
会扣,1
参,1
先河,1
虚火,1
万博慈,1
熊哥,1
上周三,1
准备充分,1
地性,1
水野清,1
县道,1
以卵击石,1
領土,1
车花,1
法国人,1
墨浪,1
成家,1
外号,1
教验车,1
长宁,1
撒银,1
无极限,1
皮座,1
河里,1
山村,1
张学友,1
足球场,1
飞车,1
永豐,1
使用税,1
北洋,1
法兰克福,1
解说员,1
生产商,1
车类,1
书说,1
构件,1
上周末,1
积炭,1
转圈,1
幽水,1
美车,1
蘑菇云,1
全自动,1
朱以鹏,1
普陀,1
装才,1
阳光普照,1
数太,1
小利,1
远点,1
慕容,1
半桶水,1
小岛,1
关门大吉,1
露华浓,1
夜行人,1
下嘛,1
棱,1
巴天,1
静默,1
鞋印,1
长脚,1
大老爷们,1
屍骸,1
黄渤的,1
金十顿,1
器材,1
宣传册,1
虎口,1
摊位,1
鸡冻,1
軍車,1
机票,1
根河,1
电动机,1
绪,1
车更靓,1
长条,1
树木,1
葛洪献丹,1
红布,1
错失,1
危险性,1
貌,1
衣,1
油味,1
阿邓,1
老爱,1
并联,1
女歌手,1
角落里,1
洞察,1
金玉,1
营幕,1
原生态,1
浪哥,1
肖山,1
役,1
镇江,1
总所,1
堤段,1
结合体,1
优友,1
证人,1
时隔,1
圆顶,1
世家子弟,1
霸主,1
庆祝国庆,1
儲氣,1
请举手,1
特想,1
水晶,1
热传导,1
政法,1
菲菲,1
小四真,1
陈伟,1
中央政府,1
无车,1
意中,1
饭馆,1
音响系统,1
目艮,1
噱,1
温文儒雅,1
京华,1
泰兴,1
内部消息,1
銀子,1
汕尾,1
物色,1
列表,1
铁架,1
关锁才,1
故乡,1
积雪,1
楼梯,1
关键在于,1
主演,1
隆达,1
怨妇,1
文化产业,1
紫煊,1
老远,1
地导,1
罚则,1
尘封,1
切图,1
漏,1
垫片,1
龙庆君,1
世事,1
会算,1
费钱,1
营业执照,1
法会,1
美都,1
五格,1
画中游,1
坟主,1
松脚,1
保险费,1
钮,1
临汾,1
关锁键,1
古话,1
慈善,1
纯白色,1
枣林,1
小檀,1
汽车玻璃,1
老纳,1
都酸,1
都江堰,1
楼房,1
张开,1
托才,1
寒窗,1
參數,1
旧货,1
爱尚,1
表示慰问,1
原物,1
必修课,1
广州地区,1
圈,1
新思路,1
头版,1
騙子,1
大卡,1
升官,1
会动,1
鹅卵石,1
黑真,1
大脑,1
名花,1
机关,1
金屬,1
排放量,1
厚度,1
个代,1
农家菜,1
韧性,1
社交能力,1
报导,1
油网,1
太祖,1
筷子,1
态度端正,1
佛祖,1
漆过,1
横风,1
条请用,1
干坏事,1
草肥,1
坑路,1
降幅,1
路坡,1
龙门,1
半生,1
手拉手,1
甜橙,1
臭汗,1
美国佬,1
油能,1
美国市场,1
白半关,1
成亚,1
透透风,1
主帅,1
习气,1
爱家,1
巨大变化,1
居功至伟,1
软质,1
體金,1
大兴安岭,1
探馆,1
我帅,1
集率,1
高干,1
需求量,1
油价格,1
花鼓戏,1
家宅,1
运,1
加进来,1
御笔,1
产经新闻,1
无德,1
猪头,1
稅金,1
泡茶,1
缔造者,1
摩擦系数,1
大转弯,1
一马平川,1
手松,1
全球通,1
工本费,1
个窗,1
连小狗,1
高升,1
细管,1
五彩,1
内心世界,1
大台,1
下降时,1
百城,1
雪佛兰车,1
布子,1
端正,1
温度差,1
另类,1
汉宫,1
空壳子,1
公益活动,1
主号,1
总评,1
钥车,1
保客,1
骑骑,1
情僧,1
海盗,1
隐藏式,1
油灯,1
真令人,1
绣气,1
瑞典,1
威麟,1
苹,1
花海,1
流行音乐,1
評分,1
区区,1
晴空,1
总用,1
文峰,1
尚,1
学雷锋,1
水所,1
梅,1
貨物稅,1
藥廠,1
武夷山,1
楼楼,1
手电,1
满油,1
朋膜,1
汽车配件,1
从北向南,1
城际,1
摄哥,1
省政,1
余晖,1
原汁原味,1
井绳,1
丝袜图,1
大包,1
主门,1
尕懒,1
机球,1
给面子,1
事发,1
驱动轮,1
半票,1
魔林,1
艾特卡,1
骚金,1
记账,1
西三环,1
伦,1
油液,1
单装,1
紫心,1
档提钮,1
居士,1
关联,1
盐业,1
欲求,1
拓号,1
污渍,1
国四,1
翠竹,1
空燃比,1
压胎,1
全过程,1
其乐融融,1
金六,1
书店,1
矫正,1
换会,1
护士,1
木有车,1
肾结石,1
决策层,1
欧式,1
感极,1
文化课,1
配角,1
安溪,1
厨师,1
铜钱,1
地區,1
风儿,1
酒驾,1
清溪,1
实地,1
开源,1
乱峰,1
湿纸巾,1
妻,1
佳绩,1
脚麻,1
生力军,1
阳春,1
消费观念,1
呼市,1
叶叶,1
波及,1
新华社,1
斜,1
流年,1
包袋,1
一贴,1
眼眼,1
夏沫半,1
酒香,1
煦,1
中巴,1
字扣,1
白車,1
太乱,1
項目,1
愛日,1
热裤,1
蝈蝈,1
万咯,1
江南水乡,1
朝圣者,1
毛一毛,1
买卖合同,1
高清晰,1
富达,1
科鹰郡,1
用碱,1
赵琮迪,1
狐,1
锉平,1
佛心,1
圆筒,1
生态旅游,1
白为纳,1
永隆,1
教,1
幌很,1
陈平,1
宏宝,1
野妈,1
中费油,1
车右门,1
凭感觉,1
蠶食,1
同娘,1
先交,1
技术难度,1
强降雨,1
政黨,1
压痕,1
人学,1
太满,1
华麒有,1
置杯,1
别忘记,1
小兵,1
西博,1
沈海,1
塞牙缝,1
大绿本,1
中断,1
学员,1
价格公道,1
计算方法,1
红卫兵,1
子们,1
全顺,1
上官云,1
上市公司,1
預告片,1
邁,1
签名档,1
少用,1
糊味,1
大众化,1
醫院,1
哈来,1
理會,1
监狱,1
參賽車,1
乐太,1
北门,1
编织,1
热心人,1
漂族,1
日限号,1
哥鸡,1
当事者,1
电磁,1
贴片,1
丹麦,1
广本,1
本能,1
车托贴,1
大眾,1
貨商,1
成倍增加,1
诉讼法,1
跛子,1
人声,1
挥师,1
政治家,1
后车,1
费和,1
小眼,1
标吧,1
大马,1
国土,1
韵味,1
纳层,1
零花钱,1
太肉,1
神像,1
故障诊断,1
欧宝,1
小黑点,1
裝車,1
序列,1
竖毛,1
豪门,1
游猎,1
巴路,1
车程,1
辰,1
妳的眸,1
裁员,1
高速运行,1
祭祖,1
水面,1
黄江,1
大厨,1
专车接送,1
通行权,1
走弯路,1
财产损失,1
卡得,1
比亞,1
水泥柱,1
灰点,1
巨大进步,1
重则,1
定会,1
位子,1
圓體,1
热水,1
改进型,1
奶牛,1
坦言,1
避暑胜地,1
过门,1
环城,1
酸雨,1
中锁车,1
篇幅,1
走时,1
矿物油,1
台词,1
信息量,1
当兵,1
胎儿,1
喜子,1
爸爸妈妈,1
痘痘,1
猪脚,1
湖州人,1
歪货,1
面膜,1
行行好,1
原包,1
压上,1
外八,1
税票,1
同流合污,1
黑法,1
血脉,1
匹馬,1
分格,1
拖拉,1
散发出,1
大团圆,1
散热装置,1
周期长,1
换昂,1
部手机,1
接线图,1
哈数,1
汽油桶,1
波尔舍,1
次序,1
水垢,1
豪杰,1
挖墙,1
符合中国,1
原始森林,1
门儿,1
地扑,1
面壳,1
时限,1
九尾狐,1
谋福利,1
电死,1
餐桌上,1
关键部位,1
骨灰,1
大台北,1
坟墓,1
匈牙利,1
战友,1
朝夕,1
红马,1
绿水,1
状,1
特西,1
倾国,1
羔羊,1
毛党,1
地缝,1
越野性,1
精彩表演,1
天南地北,1
粮草,1
嵩口,1
外焰,1
南山寺,1
恕,1
水温表,1
平衡性,1
单凭,1
强有力,1
陈路,1
金玉其外,1
绿帽,1
上门来,1
双层,1
才用,1
管理体系,1
当地人,1
堆楼,1
防火墙,1
考驾照,1
律师,1
蓝眼睛,1
客串,1
玄晶,1
霸,1
赝品,1
正房,1
毛五,1
乱花钱,1
游泳圈,1
炮灰,1
論事,1
循迹,1
安吉县,1
火箭,1
见闻,1
事是,1
疤,1
满城,1
牛頭,1
肥,1
领奖,1
杏花,1
乳白色,1
名状,1
轻质油,1
误层,1
表德,1
不车,1
三房两厅,1
京官,1
汽车音响,1
重庆火锅,1
小东小西,1
地产,1
本垒,1
刘莽,1
益力,1
旮旯,1
福莱尔,1
纳迷,1
连休,1
翘辫子,1
玉西,1
主体,1
柚子,1
野兽,1
西人,1
细细品味,1
警务人员,1
胶质,1
羅,1
啥样子,1
二黑,1
那酷,1
闪光灯,1
蚕食,1
能贴,1
斑点状,1
火速,1
年限,1
大款,1
星舞,1
欧美人,1
贱则,1
底气,1
混合物,1
动工,1
六楼,1
瓶装水,1
肚子饿,1
外饰片,1
断脚,1
帝耗,1
平躺,1
鱼鳞,1
烟迷,1
东圃,1
梅江,1
脑部,1
落户,1
要车,1
放学,1
尼阿雄,1
全花光,1
问号,1
电影院,1
器件,1
投入使用,1
导风,1
醉驾闯,1
误操作,1
闯卡,1
液会,1
自发性,1
太骚,1
酱紫,1
白人,1
炮,1
布会,1
盆,1
让你在,1
饭局,1
励志,1
车偶,1
運氣,1
耐用品,1
內洩式,1
精图,1
平视,1
添点,1
续,1
清点,1
底子,1
投资者,1
涂色,1
比人,1
和约,1
张傲,1
村道,1
亏损企业,1
英格兰,1
萧亚轩,1
华佑,1
泡温泉,1
寶貴,1
专业术语,1
君王,1
自行车道,1
松乐阁,1
態度,1
碉堡,1
摄象,1
贺兴,1
蒋介石,1
饮料水,1
小红帽,1
玩水,1
总重,1
人生目标,1
白纸黑字,1
原产地,1
伏地,1
轮轴,1
何方神圣,1
小个子,1
两江,1
客貨車,1
木嘴,1
增城市,1
断肠,1
穴子,1
臀部,1
车头灯,1
规,1
空闲,1
鲤鱼,1
小花,1
兆头,1
台货,1
长沙地区,1
过惯,1
塑,1
迷宫,1
购车者,1
棉布,1
潕钶取玳,1
比红,1
商标设计,1
唐河,1
折翼,1
指輪胎,1
亮面,1
白石头,1
标准线,1
李强,1
手环,1
六定,1
木子李,1
锐气,1
美誉,1
外环,1
唐人街,1
茶花会,1
大货,1
硫化,1
湖畔,1
汉语言,1
选顶,1
八一起义纪念馆,1
重命名,1
床车,1
口令,1
个友,1
设身处地,1
销售收入,1
中眼,1
胖哥,1
黄暴,1
传媒,1
有才,1
阿紫,1
王呈斌,1
乱点,1
战胜,1
祭品,1
嘴角,1
侍,1
概,1
天论,1
巴塞罗那,1
找对象,1
状告,1
大沙平,1
使用性能,1
指雅,1
水丸,1
小纳纳,1
亏本,1
爵款,1
成都电视台,1
店辅,1
整體,1
气概,1
拜油,1
嘉实多,1
比方,1
满洲里,1
富态,1
國產車,1
点力,1
畸形,1
越线,1
蔡鸿超,1
創下場,1
胶水,1
浅笑,1
邱昌,1
嘉元民,1
实际意义,1
附加费,1
美帝国主义,1
剛上,1
結,1
罪行,1
慧星,1
大家族,1
青翠,1
中档车,1
压缩文件,1
羊儿,1
透气性,1
車輛,1
劳斯来斯,1
锁定键,1
关怀,1
高亮,1
借机,1
乳牛,1
宝来,1
技能,1
丨秋丶秋,1
前后轮,1
闲暇,1
文昌鸡,1
生态园,1
变故,1
匝道,1
生理学,1
不确定性,1
痕,1
生物学,1
個車,1
大白兔,1
柠檬草,1
李雷,1
階,1
教父,1
音译,1
国家有关,1
北欧,1
商务车,1
高效率,1
法人,1
思铂,1
袁家岗,1
論點,1
景德镇,1
生产量,1
零嘴,1
苍生,1
杰哥,1
冰镇,1
大用处,1
戒指,1
日奴,1
猎鹰,1
用情,1
罗汉,1
腳趾頭,1
猫头鹰,1
露凝香,1
用地,1
主是,1
小林,1
菲尼迪,1
总览,1
假日酒店,1
小木屋,1
试金石,1
奖惩,1
黄庄,1
古人,1
菌,1
装的,1
屉子,1
早安,1
乌黑,1
由恩,1
试谍,1
因车,1
雨燕,1
稻巢,1
王莹,1
上速博,1
传奇色彩,1
血汗,1
校车,1
松树,1
左手腕,1
指纹,1
散沙,1
鹭岛,1
哥哈,1
导向,1
杨健文,1
做好事,1
念想,1
打了个,1
東駝,1
管道,1
焦,1
渝洲,1
鸟车,1
温柔敦厚,1
即将来临,1
银河,1
马儿快,1
番茄,1
弥陀,1
意料,1
包邮,1
黑银,1
灯得花,1
視線,1
手臂,1
賽壇,1
小山村,1
归太,1
分板,1
勒索,1
冬主,1
欧诺,1
辉煌成就,1
山道,1
叛徒,1
办玩,1
莆田,1
發文,1
空調,1
脆弱不堪,1
报水野,1
兴文,1
凉风,1
能歌,1
露面,1
扣点,1
针织,1
原动力,1
羅楷,1
钓台,1
好者,1
土渣,1
库房,1
摩羯,1
新郎,1
大气候,1
大赢家,1
眼屎,1
拉锯战,1
媽,1
惯用,1
外车,1
烧烤炉,1
氨,1
牛儿,1
站牌,1
域,1
伪,1
摩擦力,1
吕梁,1
領域,1
水库,1
人文景观,1
阿福,1
顺丰,1
人山人海,1
屏蔽,1
多哈,1
小谢,1
小艇,1
普天,1
万国,1
杭城,1
盔甲,1
写作文,1
任重道远,1
峰顶,1
国门,1
客套话,1
皮子,1
梧桐,1
行车道,1
年假,1
住院,1
余音,1
人民广场,1
拜师,1
雪城,1
档板,1
公共场所,1
静候,1
罗列,1
小康,1
樓家,1
大写,1
內地,1
汉水,1
福则,1
煙花易,1
丫嘴,1
老房子,1
爱开,1
火化,1
成吉思汗,1
精神科,1
主办方,1
木锉,1
林枫,1
群太,1
笔记本,1
张翅,1
金丹,1
托来群,1
偏差,1
出格,1
四,1
雙,1
老聂,1
景宁,1
实例,1
无书,1
秋杰,1
塑料板,1
阴谋,1
成倍增长,1
那小女孩,1
蜡烛,1
金想,1
新秀,1
交汇,1
骨子里,1
阿方,1
物流,1
上位,1
洋务运动,1
牵绊,1
家车,1
和尚,1
电眼,1
尿尿,1
展位,1
黑翔,1
润色,1
亮红灯,1
芦林,1
拜金,1
表格,1
辛勤,1
骆驼牌,1
争霸赛,1
風騷,1
车哈,1
协管员,1
陳北,1
撸途,1
低水平,1
二爷,1
儲物格,1
福州人,1
邓和旺,1
泥浆,1
血统,1
供图,1
獠牙,1
麦当劳,1
動能,1
礼品券,1
过水,1
种颜色,1
信车,1
鸿福,1
新娘,1
缝制,1
见者有份,1
一条街,1
烤灯,1
托文比,1
负数,1
讲信用,1
过途,1
大妹,1
轮距,1
红妆,1
满街,1
纵马,1
家园,1
天升,1
靓灯,1
月儿,1
錯,1
雅士,1
钱上奇骏,1
小妹妹,1
仙境,1
让你能,1
三克油,1
巨大力量,1
线条美,1
黑啤,1
安装版,1
性格不合,1
屌略,1
腊肉,1
张馨,1
催车,1
厨房,1
財務,1
圣人,1
头镇,1
麦子,1
车先,1
橘,1
星座,1
车大哈,1
黑桃,1
地稳,1
时系,1
越爽,1
炉火,1
醉酒,1
爱美,1
小螺,1
收服,1
的士,1
佣军,1
条文,1
矬穷的,1
流眼泪,1
帝都,1
鳞,1
心园,1
鼓山,1
傻瓜式,1
挫牙,1
魔幻,1
單圈,1
会师,1
手机信号,1
场馆,1
競技,1
哥本,1
师傳,1
利索,1
透明化,1
面壁,1
茄子,1
勝任,1
撒粉,1
订位,1
艦款,1
减震器,1
实际行动,1
神圣,1
汤姆,1
擦车,1
英明,1
热脸,1
缺口,1
聊斋,1
吉安,1
别光,1
美国进口,1
窗键,1
沐,1
冷氣,1
老弟,1
波浪,1
西欧,1
生悲,1
流经,1
小虾米,1
一叶障目,1
发贴子,1
易帅,1
萧,1
沙市区,1
加菲,1
心毛,1
臭名,1
二话,1
馆名,1
李经理,1
汽车产业,1
双朗,1
禾,1
买部,1
哨声,1
歹心,1
语言艺术,1
和平统一,1
圆方,1
姜,1
静静,1
毛纳,1
专区,1
白眼,1
陆地,1
栗色,1
黄历,1
代表者,1
我车,1
标准值,1
科研成果,1
名师,1
关系户,1
飞机票,1
代盐,1
中消协,1
羊城,1
棱角,1
花花公子,1
分配器,1
失色,1
密集度,1
齿冷,1
亂象,1
电单车,1
棉裤,1
花圈,1
价入,1
希甩,1
人行道,1
撞击力,1
下属单位,1
拳,1
雄鹰,1
心脏病,1
侧向,1
大刀,1
专坑,1
大大增加,1
报假,1
深奥,1
中性,1
老帖,1
铁道,1
讲,1
脑经,1
末尾,1
银杯,1
托比,1
大汗,1
沙滩鞋,1
凌波仙子,1
小游戏,1
机体,1
秦川,1
巨雕,1
驾驶盘,1
座驾,1
诚娟,1
添加剂,1
纳表,1
束河,1
收油,1
夜視,1
驾驭者,1
魔术师,1
全人类,1
发帖人,1
归属感,1
金属片,1
战役,1
美女露,1
黑贴,1
全能,1
夏,1
招,1
淫媒,1
不作声,1
成本增加,1
水罐,1
紫鸿,1
交上,1
典範,1
籽,1
毛贴,1
农业户口,1
木女,1
个示,1
巨擘,1
基,1
边防部队,1
房屋建筑,1
宝莱,1
肥鼠,1
医药,1
云雨巫山,1
最坑,1
秋秋熊,1
羊腿,1
个拉泥,1
踏雪,1
维修站,1
总资产,1
弟虾,1
礼带,1
小门,1
上班族,1
乘飞机,1
稳杆,1
菜农,1
归途,1
石渣,1
城城,1
钟摆,1
途,1
认知度,1
楼上楼下,1
咨询点,1
日定,1
翅,1
证费,1
黑龙江省,1
门框,1
嘴形,1
江陵,1
生存空间,1
吴壤,1
踢足球,1
和亲,1
多达,1
老款车,1
丹桂,1
猎狗,1
将水,1
敌,1
蓝黄红,1
归队,1
人养,1
老狼,1
骨架,1
車嘛,1
号段,1
氣囊,1
闷气,1
小狗,1
错路,1
記,1
芳心,1
国资委,1
基调,1
不素,1
煤油,1
盛世,1
英姿,1
榜首,1
庄徐村,1
出厂价,1
高桥,1
速效,1
早饭,1
国足,1
新闻媒体,1
汽车尾气,1
支烟,1
返点,1
中奖率,1
桑,1
康,1
西楼,1
齐齐,1
嗅觉,1
陰險,1
梧桐树,1
七台河,1
車車,1
新浪,1
裤,1
疙,1
梁和,1
马儿跑,1
怡宝,1
中空板,1
东线,1
和顺,1
大变身,1
英雄传,1
外國,1
夏花,1
容华,1
无辜,1
萨摩,1
小钟,1
小金,1
污迹,1
米饭,1
乐队,1
特灵,1
会轼,1
体面,1
黄沙,1
华冠,1
名義,1
独栋,1
信条,1
逸动,1
攸关,1
曦,1
增色,1
烂泥,1
装亮,1
现代人,1
低谷,1
人力物力,1
樱会,1
布料,1
机杼,1
亲家母,1
杜嘉文,1
比朗行,1
海岭,1
年龄段,1
發帖,1
西进,1
教育课,1
飞猪,1
闽侯,1
长一智,1
卵,1
国务院办公厅,1
榕城区,1
樓主拍,1
悟空,1
风谷,1
游泳馆,1
石方,1
车镜,1
霉女,1
追随者,1
棉花,1
拿货,1
光头,1
商业道德,1
刚试,1
姑息,1
Q版,1
外门,1
哈啤,1
医,1
笔账,1
应景,1
闽台,1
托都托,1
车测,1
会友,1
西东,1
髑,1
枫林,1
把门,1
胡话,1
中進行,1
浮想,1
污垢,1
东智,1
华龙,1
瓦罐,1
发炎,1
风景线,1
凯泰,1
广龙,1
小纳,1
人觀,1
分离式,1
彼特,1
胡一刀,1
喷点,1
热血青年,1
中汽协,1
凌驾于,1
馆内,1
市场部,1
沙苏,1
豐,1
布连,1
染上,1
努力学习,1
大波,1
国耻,1
发挥作用,1
外牌,1
车灰,1
台幣,1
兄弟会,1
索兰托,1
研制成功,1
睡大觉,1
蝙蝠,1
一斑,1
全关,1
世界观,1
陆大能,1
肉点,1
和秀,1
烙印,1
红毯,1
结盟,1
年轻化,1
牙齿,1
比奇,1
克拉玛依,1
油票,1
藤,1
路遇,1
丫鬟,1
成晟,1
瞄中,1
头箍,1
小王子,1
海面,1
蒙帝欧,1
鸡爪,1
马壮,1
高招,1
浑话,1
静观,1
毛脸,1
金马,1
外人田,1
照海,1
经产省,1
专业级,1
一飙,1
白話,1
时钟,1
艺术人生,1
太哥,1
雷人,1
小游,1
楼果,1
店店,1
行銷,1
观大汗,1
地紀,1
麻辣教师,1
周方敏,1
歐洲,1
水迹,1
主见,1
净土,1
凤毛麟角,1
财政收入,1
发哥,1
额头,1
菜园,1
阿哲,1
电熔,1
小骗子,1
少年郎,1
天南海北,1
袁,1
命运,1
干点,1
等类,1
顶峰,1
延年益寿,1
试车手,1
兵器,1
雪茄,1
溪,1
汉族,1
换壳,1
靠垫,1
汉语,1
广佛肇,1
长头,1
紋,1
抽屉,1
惠州市,1
局限性,1
进灰,1
川南,1
通海,1
偏色,1
往后仰,1
一连串,1
跳票,1
景,1
独家,1
驾门,1
羽绒服,1
祝你好运,1
飾板,1
消费行为,1
血算,1
货品,1
亲生,1
课程,1
寡妇,1
X光,1
陆阔,1
秘书,1
乳酪,1
电源接口,1
王之音,1
私訓,1
黑都,1
重油,1
过思铂,1
飓风,1
小六冲,1
颈椎,1
丝扣,1
负罪感,1
摩托罗拉,1
世界杯,1
年薪制,1
德题,1
阿拉伯人,1
县,1
指尖,1
人发,1
围观者,1
桂语,1
林场,1
舌尖,1
小吃,1
潜水员,1
交通设施,1
木中,1
黑缝,1
大明,1
尊爵,1
雅,1
女王,1
红土,1
尼,1
少雨,1
发生响声,1
整队,1
参天大树,1
行礼,1
画线,1
北加州,1
赛卡宴,1
服务质量,1
财政补贴,1
内会,1
花型,1
专门店,1
灰灰,1
纳家,1
谢顶,1
广告牌,1
车奴,1
公款,1
温室,1
闷棍,1
东胜,1
篮,1
油才,1
大风大浪,1
盛宴,1
比重,1
丽水地区,1
肠子,1
情报,1
神周侠,1
卢,1
带子,1
衣湿,1
职业道德,1
超短裙,1
古屋,1
回峰,1
穿衣,1
斜背,1
幾毛,1
贵手,1
甲醇,1
爱护你,1
害的,1
身形,1
漂亮妹妹,1
蓬莱仙境,1
钢线,1
大观,1
事故现场,1
矿安,1
伟人,1
走木,1
壽命,1
赵又廷,1
美男子,1
弄脏,1
心弦,1
系统故障,1
小别墅,1
勇哥,1
肉体,1
萧紫,1
了思锐,1
含家,1
老母鸡,1
亲恩,1
缺油,1
夹,1
房車賽,1
船仓,1
先賢,1
汽车灯,1
风趣,1
费时费力,1
两用机,1
壮美,1
亮堂,1
走私,1
比基尼,1
奠基,1
偏花,1
县长,1
眉毛,1
出谋划策,1
串儿,1
工位,1
彩电,1
安抚,1
精準度,1
崔育思,1
菲律宾,1
草花,1
重影,1
频道,1
过袍,1
黑商,1
景天,1
奏折,1
稻草人,1
重磅,1
亮光,1
捷瑞,1
館提,1
葉梁,1
阿斗,1
传奇人物,1
狗豪,1
何阳,1
家庭型,1
風口,1
地址栏,1
李元霸,1
方方,1
冤大头,1
成功率,1
三厢,1
中那,1
车震木,1
山西大同,1
未免太,1
领卡,1
白送,1
等离子,1
言说,1
格调,1
投入产出,1
小钢炮,1
石林,1
比细,1
玫粉,1
季垫,1
车辆通行,1
牙缝,1
晴雨,1
无感,1
培养感情,1
火山,1
汽车坐垫,1
电子化,1
效法,1
刮风,1
长距离,1
巡洋舰,1
习雪,1
业内人士,1
經費,1
机上,1
翠,1
路会,1
岳麓书院,1
手把,1
趋向于,1
画图,1
马子,1
言辞,1
大军,1
人与车,1
有果,1
氣管,1
穿针引线,1
極限,1
士力架,1
繁体字,1
红中,1
麦格纳,1
德林,1
先行者,1
圈数,1
光辉,1
泰国,1
闷头,1
华麒,1
画册,1
权责,1
所在区域,1
大都,1
气魄,1
酷车,1
和迈锐,1
火候,1
車黑胡,1
袁哥小华,1
比虎,1
电子商务,1
双向,1
棒冰,1
好料,1
蜘蛛侠,1
下点,1
浪风,1
茶叶蛋,1
阴雨,1
金乡,1
情伤,1
大师傅,1
大口,1
祝你们,1
红字,1
形枕,1
饮用水,1
漫画,1
省點,1
壁纸,1
水龜會,1
土地,1
常平,1
三相,1
拂槛,1
红绳,1
弯儿,1
肝,1
月上,1
梭子蟹,1
长子,1
实用型,1
琼州海峡,1
和丰,1
售價,1
档车,1
济南,1
摄氏,1
建伍,1
吕洞宾,1
晨钟,1
弄皱,1
路遥,1
战场,1
透境,1
车贩,1
顿顿,1
技術,1
资历,1
皂片,1
牛涌,1
脚臭,1
皇龙,1
天道酬勤,1
万绿丛中,1
出厂日期,1
王岳伦,1
醉沐,1
贵航,1
从良,1
驾车人,1
酒都,1
航班信息,1
叙述出来,1
殖民,1
车带,1
拷贝,1
选歌,1
苁蓉,1
小鼠,1
美模,1
崖柏,1
重头,1
水战,1
倒杯水,1
风度,1
三江,1
军用车,1
水云,1
汽车轮胎,1
恶略,1
樊晓丽,1
软皮,1
益都,1
条条框框,1
燃情,1
尿性,1
素点,1
汽车站,1
竹筏,1
测量员,1
张北县,1
吹风机,1
一息,1
诸葛,1
胚,1
附屬,1
单圈,1
张传莉,1
条纹,1
神州,1
江水,1
奥地利,1
性比,1
大柱子,1
牛排,1
战争,1
太能本,1
内积,1
湘宾,1
护理,1
薄荷糖,1
車手,1
城市化,1
容纳,1
海阳,1
综观,1
无辜者,1
烧香拜佛,1
绅士,1
梦速车,1
万恶,1
放远,1
女将,1
坏人,1
肃,1
车像,1
回哈,1
箱门,1
全酒,1
环形,1
开咯,1
水淹,1
目行灯,1
香香,1
走桃花运,1
长大成人,1
先科,1
甘拜下风,1
城西湖,1
随身带,1
宴客,1
終極,1
成渣,1
福临门,1
日产量,1
长治,1
废气,1
设厂,1
男同胞,1
费翔,1
松香,1
实际操作,1
门扇,1
老长,1
小箱,1
花雕,1
条短,1
整人,1
渡轮,1
马德,1
咨询台,1
规点,1
书籍,1
頂頂,1
美鹰,1
比納,1
烧瓦,1
瑞风,1
署,1
传统美德,1
行星,1
边贴,1
款展车,1
柏油,1
苞米,1
高楼,1
同属,1
整场,1
气车,1
亚,1
司空见惯,1
害虫,1
造辆,1
臂用,1
力精,1
乐都,1
微波炉,1
脚油,1
酒店用品,1
窝轮,1
脾胃,1
控制技术,1
控制力,1
群山,1
大圣,1
美那,1
西安市,1
入群裡,1
有标,1
行政命令,1
重卡,1
江林顿,1
花大,1
艾,1
主權,1
未果,1
大会,1
同类产品,1
国典,1
量学,1
真爱粉,1
延吉,1
蜀黍,1
水险,1
穷,1
风月,1
马三立,1
名额,1
骑兵,1
运力,1
吊提,1
小儡,1
简易版,1
明显提高,1
挡风,1
欧朗,1
昊天,1
一粉,1
传点,1
北京站,1
机械系统,1
中国式,1
地地道道,1
小歌,1
麾,1
作用力,1
大象,1
机翼,1
煤饼,1
進階技術,1
吸尘器,1
波澜,1
故守,1
公权力,1
石路,1
化学试剂,1
串亲戚,1
灯碗,1
清洗剂,1
流芳,1
广元,1
林宇贤,1
監視員,1
管提,1
楼暮光,1
耶耶耶,1
专利费,1
浅见,1
红岛,1
微号,1
平轴,1
报数,1
称号,1
节宴,1
象形,1
觉得很有,1
悦莫属,1
流星,1
汽车资讯,1
商务,1
石墩,1
里纳,1
马志明,1
步子,1
红萍,1
黄白,1
人系,1
路华,1
重阳节,1
调皮,1
急呀,1
日耳曼,1
周航,1
别气,1
雨巷,1
沿路,1
盖房子,1
家族化,1
闺蜜,1
单飞,1
汗臭,1
纳长太,1
基层,1
换歌,1
陈先生,1
附着力,1
洗衣机,1
大肚子,1
中巴车,1
選車,1
高像素,1
實惠點,1
风絮,1
油条,1
盾哥,1
湿,1
境,1
途胜是,1
让我学,1
绥化,1
奇丑,1
全装,1
领地,1
舌头,1
客太,1
电热水器,1
空洞,1
費,1
含稅,1
提供者,1
仇人,1
新意,1
凯斯,1
莫谈国,1
拍电影,1
速博比,1
圈丝,1
别吵,1
魔邪,1
能别,1
客户端,1
老家伙,1
实物图,1
首保时,1
加尾,1
南葛,1
竹子,1
速强点,1
肋,1
红酒,1
小第,1
情绪低沉,1
家庭和睦,1
优质,1
杀手锏,1
古斯特,1
乙醇汽油,1
桎梏,1
个质,1
宝驹,1
裂纸,1
燕子,1
感嘛,1
国际品牌,1
纸巾盒,1
领路人,1
叫帅,1
营运,1
肥皂水,1
艺峰,1
效,1
猎猎,1
麻麻,1
斜刺,1
曾几何时,1
倒模,1
上翼,1
摩擦阻力,1
长天,1
参考值,1
枕,1
規,1
屏划,1
托太特,1
西塘,1
範圍,1
煤球,1
几百人,1
颜董,1
重低音,1
来念,1
国色天香,1
金钢,1
校准,1
结伴,1
蠟式,1
坑洞,1
要什,1
污染物,1
名币,1
老婆子,1
机械设备,1
智尊檀,1
旧居,1
卖座,1
标是,1
爱齐,1
天目湖,1
背景图,1
路途,1
化蝶飞,1
双潢,1
祭日,1
托某,1
朝阳区,1
类产品,1
包河区,1
風險,1
舅妈,1
生涯,1
爱雪雪,1
太亮,1
時宜,1
川川,1
一雄,1
声光电,1
人头像,1
红鼻子,1
肥水,1
满天星,1
高跟鞋,1
脸部,1
弈城,1
荣誉,1
将绅,1
南岳,1
觀,1
赖,1
皮椅,1
大视野,1
呼伦贝尔草原,1
大晴天,1
装甲车,1
草帽,1
赛豹,1
警卫,1
照路,1
红旗车,1
旅游观光,1
最低点,1
旋风,1
电话费,1
大先森,1
杀人,1
通用版,1
农夫山泉,1
四中,1
音乐文件,1
珊珊,1
铜管,1
微山湖,1
段少,1
王林,1
和换凯,1
客体,1
买卡,1
義,1
数数,1
货才,1
会心,1
细说,1
蒽,1
和英,1
群雄,1
鍵,1
訂金,1
万念,1
介入性,1
建文,1
条幅,1
君廷,1
飞蛾,1
儿童座椅,1
场景,1
防贼,1
棉套,1
若尘,1
卡顿,1
太值,1
侧,1
楼层,1
上岗,1
涡,1
内阁,1
霄,1
人帥,1
猎奇,1
响应速度,1
普片,1
随机性,1
侯玉乐,1
反义,1
火药味,1
耐久性,1
大利,1
日益,1
渊,1
斯文,1
任我行,1
爱之深,1
阿风,1
宋庄,1
沙石,1
包小包,1
柠,1
集团公司,1
笨猪,1
純車,1
塞纳,1
坦率地,1
小费,1
塞进去,1
虫生,1
关灯,1
雅迪,1
仔细听,1
镁,1
诺,1
大才,1
生病,1
中彩,1
君子,1
大本,1
瑞雪兆丰年,1
香紫,1
中山市,1
接轴,1
车鹰,1
月分,1
鸡蛋里挑,1
智捷捷,1
路捷,1
极品,1
鱼鳍,1
冲动型,1
世界反法西斯战争,1
汇聚一堂,1
贪腐,1
桥梁,1
李宁,1
天真,1
最低标准,1
尹铭,1
多画面,1
问价,1
勇者,1
艳遇,1
劳动力,1
景裕泰,1
粗线,1
暗语,1
几人,1
腊,1
水分,1
港口,1
光亮亮,1
记事簿,1
中顶,1
扬中,1
支点,1
乌兰布,1
文秋尘,1
视觉效果,1
汽车空调,1
個人,1
巧得很,1
定情,1
火锅,1
大学生,1
肖克,1
湘,1
难民,1
鈴,1
歉意,1
钳子,1
童心,1
银箭,1
李扬,1
功能区,1
醉龙,1
饿狼,1
金嘛,1
粱,1
底裤,1
花落,1
小家,1
光照,1
来宾,1
奥尔马,1
壁,1
罗山,1
下车时,1
随礼,1
选票,1
考拉,1
預告,1
插孔,1
拉丝,1
团圆饭,1
天性,1
我军,1
真鱼,1
勇士,1
后定,1
處,1
友谊赛,1
发音,1
需将,1
真木,1
仇家,1
水流,1
龙哥,1
做車,1
剑柄,1
黑匣子,1
死价,1
胜任,1
和君威,1
铲车,1
张灵峰,1
訂,1
巨蟒,1
同源,1
混合气,1
下巴,1
宝价,1
阿扁,1
闺密,1
看腻,1
西海,1
推向市场,1
西宁市,1
镜湖,1
隔离带,1
总计,1
亚天,1
狗蛋,1
礼轻,1
角儿,1
个弹,1
青牛,1
元老,1
橫桿,1
诗文,1
郑港,1
厢会,1
太多太多,1
顧客,1
民心者,1
通告,1
解码,1
人才济济,1
金金,1
气候变化,1
比嘛,1
现身,1
搜,1
日本首相,1
耐操,1
交管部门,1
小括号,1
卡死,1
学狗,1
型式,1
号器,1
咖喱,1
彩礼,1
哈日,1
人马,1
零蛋,1
天宝,1
宝来车,1
爷俩,1
咖们,1
广东省,1
杯坑,1
野猪,1
高中毕业,1
全图,1
馬自達,1
车震车,1
灌雨,1
器才,1
口服,1
糖醋,1
车轮锁,1
版比纳,1
供饭,1
爆粗,1
品爱,1
清穆休,1
斜对面,1
耿源,1
限制级,1
出境,1
一线品牌,1
蝙蝠侠,1
印,1
冷暖箱,1
瓢香,1
姓张,1
逆光,1
女車,1
麻利,1
爱晚亭,1
经心,1
冲线,1
实施方案,1
毛太特,1
理发店,1
开店,1
北溟,1
控制线,1
老将,1
鸟儿,1
钢架,1
家具城,1
成疾,1
弹扣,1
冲车,1
前路,1
名片,1
六水,1
领年,1
南校区,1
油火,1
突出贡献,1
政绩,1
爭議,1
刘冕,1
局外人,1
紫晗,1
洞察力,1
祝融峰,1
钱比命,1
双胞胎,1
流行性,1
满园,1
同根,1
闽南,1
门报,1
申银万国,1
嘴子,1
消防大队,1
成峰,1
张帅,1
摄姐,1
拓宽,1
臭脚,1
知音,1
少收,1
白衬衫,1
内型,1
优卡,1
德云社,1
望楼,1
上周五,1
照镜子,1
国车,1
戰守,1
初中生,1
云头,1
小龙,1
普通车,1
海安,1
咸鱼翻身,1
田哥,1
傻叉,1
小商贩,1
藉由,1
滨,1
声浪,1
小豪,1
无限期,1
湛江,1
方便使用,1
邵,1
伊叶知,1
小沙,1
洞庭,1
满院,1
切诺基,1
责任意识,1
情迷,1
槽点,1
光束,1
图示,1
上智尊,1
致癌物质,1
鞋袜,1
主题曲,1
胡芦,1
泳镜,1
越剑,1
牛黄丸,1
步惊云,1
娇子,1
車主刷,1
秋装,1
地理位置,1
邓永亮,1
手头上,1
仔细检查,1
潜在用户,1
斑马线,1
宇,1
上神,1
车本,1
地图包,1
前院,1
孤少,1
威风,1
饮品,1
上升期,1
信赖感,1
连水,1
态势,1
天支,1
穿透力,1
厅,1
慰问电,1
副度,1
战略眼光,1
问道,1
呼伦贝尔,1
超范围,1
童,1
尔山,1
服气,1
英特尔,1
潍坊市,1
车莫,1
静街,1
青梅,1
轮流,1
蓝绿,1
川本,1
单曲,1
大仙,1
标间,1
枫林晚,1
神童,1
遺忘,1
长达,1
评车,1
鱼符,1
断腿,1
福哥,1
地缝里,1
车托太,1
阆中,1
大德,1
顶巴,1
短途旅行,1
西德,1
山贼,1
人装,1
小高,1
基本功能,1
少算,1
旭日,1
暗层,1
成功经验,1
核实,1
比床,1
图标,1
西辽,1
纳什,1
善心,1
阳关,1
廣西,1
断奶,1
备厢,1
亮圈,1
制造商,1
幼苗,1
姿色,1
無錫,1
工业品,1
会馆,1
双面胶,1
精力有限,1
老国,1
卡比,1
主犯,1
眼气,1
夫斯基,1
新纳,1
杆子,1
訊息,1
死儿,1
矿量,1
棒极了,1
杜小,1
肩,1
光荣,1
北京城,1
轮椅,1
分离器,1
善款,1
晋城市,1
后梁,1
寻滋,1
裝界,1
投资规模,1
四绿,1
徐和谊,1
车值,1
杨浩,1
雪娜,1
于江铃,1
金沙,1
连成,1
气死,1
内耗,1
日方,1
适应性,1
张纾语,1
生滴,1
貨款,1
条街,1
电动汽车,1
无法控制,1
北斗神拳,1
温箱,1
个性化,1
造船,1
顶用,1
过长,1
旅人,1
气场,1
套娃,1
沥青路,1
空格,1
豆,1
医药费,1
季度,1
街車,1
辽宁省政府,1
生性,1
了三,1
代号,1
事务,1
化妆镜,1
并线,1
辣神,1
别总,1
明码,1
山庄,1
药品,1
羊羔,1
红叶,1
选美赛,1
卡位,1
多瑙河,1
汽车底盘,1
贵定,1
老宝,1
网络红人,1
加小,1
泡影,1
胎纹,1
放电影,1
房山,1
格勒,1
依赖性,1
长队,1
头备,1
高传强,1
比托,1
勃勃,1
家家,1
心生,1
脱离险境,1
管钱,1
计生,1
炼油,1
合约,1
真开森,1
人在旅途,1
波心,1
蛋碎,1
戒烟,1
欧美地区,1
红袍,1
职责,1
江泽,1
鱼翅,1
祭旗,1
圣诞礼物,1
嘎纳,1
裤袜,1
钢丝,1
战线,1
收尾,1
客氣,1
車場,1
食材,1
军团,1
翼搏,1
睁不开,1
肢体,1
渔具,1
價比,1
连锁店,1
离油,1
柴,1
平行,1
密度,1
版人,1
乳,1
机动,1
满州,1
铁山,1
正牌,1
倒梯形,1
震震,1
混日子,1
包贼,1
明灯,1
道泽,1
丝妹,1
细,1
美化,1
李子,1
收工,1
掌中宝,1
沉香亭,1
得志,1
图图,1
航行,1
中学,1
枣园,1
宝趣,1
红桃,1
辟谣,1
光力,1
天子山,1
升程,1
演员,1
系哥,1
政,1
红日,1
裂口,1
水桶腰,1
赏月,1
托生,1
箭头键,1
瑶台,1
江主席,1
上铺,1
换金,1
大老婆,1
砂石,1
苏北,1
重任,1
潍柴,1
开春,1
辛荑,1
道贺,1
台独,1
喷车,1
内室,1
超棒,1
細節,1
行业协会,1
小家伙,1
覺得,1
这厢,1
残疾人,1
时时,1
金里,1
无机,1
能车,1
湛江市,1
区域经理,1
股票,1
顺流,1
满腑,1
两把刷子,1
曼曼,1
蜜糖,1
献爱心,1
葉片,1
老花,1
海钓,1
水泥地,1
剩油格,1
節,1
搪塑,1
眼珠子,1
坦白说,1
胶镇,1
身軀,1
满堂,1
苯系,1
上海站,1
窝,1
前瞻,1
思錢,1
小山峰,1
因制,1
升降式,1
动力学,1
费加,1
尾段,1
恢复元气,1
大拇指,1
极具,1
天堂,1
层析,1
姓童,1
民族大义,1
车轱辘,1
海位,1
穷小子,1
寒冰,1
算辆,1
威威,1
小罗,1
手软,1
布达拉宫,1
数款,1
神教,1
张公子,1
壁虎,1
思路清晰,1
巴适哈,1
侧门,1
纯种,1
日籍,1
全响,1
旅途,1
馆子,1
名川,1
谜,1
市场规律,1
童趣,1
小船,1
极渣,1
寶,1
钥匙圈,1
环车,1
雜物,1
花瓣,1
田一,1
摩擦片,1
超广角,1
小屏,1
庄头,1
山區,1
海鲜大餐,1
金龙鱼,1
买杰德,1
小伊,1
哈易堂,1
利润率,1
古道,1
配气,1
红杠,1
塞小,1
會落,1
人意,1
代,1
悬浮式,1
豺狼,1
三位数,1
女孩儿,1
白菜价,1
小姑,1
八,1
隔山,1
乡亲们,1
泼水,1
妈咪,1
亦辰,1
徐坤,1
单指,1
弟兄,1
平油,1
芭比,1
